"Year","YClass","weight","members","workers","age","TC","Cereal","Food","Housing","Utility","Furniture","Cloths","HealthInsurance","TransportCom","Education","Culture","Oth"
1987,200,16,2.56,1.19,58.3,1211122,69033,478696,64415,109048,50682,86541,36535,103578,10333,79379,191914
1987,225,97,2.7,0.87,56.1,1414842,85008,530687,114082,132935,60425,68916,39989,104815,39521,108262,215211
1987,275,201,2.8,1.1,55.8,1672032,92469,609614,118245,141944,69350,81248,69817,130525,36301,147831,267157
1987,325,454,2.93,1.12,54.2,2108918,98057,693462,157122,155615,90435,123275,77174,205891,41980,179453,384512
1987,375,560,3.17,1.2,49.2,2239609,99013,722664,173452,160194,97352,141009,81098,189893,55224,194857,423866
1987,425,665,3.36,1.33,46.3,2463116,103952,782377,172633,168905,110977,147272,91547,226062,71899,203414,488029
1987,475,712,3.48,1.42,45.3,2773647,107282,848691,212490,176888,122557,177650,85990,289357,85526,250793,523706
1987,525,689,3.67,1.5,44,2844451,110881,873092,168565,184341,122135,188941,86096,271569,113831,243475,592406
1987,575,639,3.73,1.61,44.7,3017585,117749,921894,168758,187225,122595,217963,86962,288832,117753,267795,637808
1987,625,593,3.92,1.65,44.6,3316522,121052,971528,170017,193961,150675,229272,85614,350522,151234,302380,711319
1987,675,518,3.82,1.74,46.5,3414388,120019,983818,159192,195164,150613,254629,83077,338497,146515,322579,780304
1987,725,465,3.91,1.78,47.5,3623814,124273,1031402,141190,202955,171847,269831,88716,326965,182935,322231,885743
1987,775,381,3.91,1.78,47.7,3779086,131323,1063053,138143,202036,158714,281491,78568,389070,185352,371358,911300
1987,850,330,3.86,1.78,48.8,4061905,129963,1092618,167291,219153,173446,294988,96007,382511,185727,374418,1075746
1987,950,279,3.96,1.86,48.9,4292345,131146,1102311,194000,215639,199766,353782,88887,377666,237033,391412,1131850
1987,1125,438,4.04,1.99,50.3,4526296,136564,1178299,150331,237760,205711,355813,103164,404930,278089,433980,1178219
1987,1375,277,4,1.96,51.1,4704906,127975,1150236,133217,233601,242181,409852,100382,419140,235221,441053,1340022
1987,1500,679,4.09,2.14,52.6,5657082,133010,1319828,195254,277079,267056,568747,115910,504955,280784,600164,1527305
1988,200,16,2.16,0.37,67.3,1333031,62546,388318,182563,92408,76287,42650,213690,94024,678,66175,176239
1988,225,84,2.34,0.9,58.7,1413239,75083,509331,134315,114208,54091,73600,43998,124466,16804,104437,237989
1988,275,167,2.54,0.92,55.9,1568325,79328,581308,129991,133450,57222,102119,53737,112612,20602,117241,260044
1988,325,432,2.97,1.08,53.4,2054142,89822,687240,168218,152331,87420,116319,74696,180600,45631,176375,365314
1988,375,508,3.11,1.18,50.4,2331051,93891,733138,157613,162355,112988,143734,97576,222202,59350,209275,432820
1988,425,607,3.32,1.32,47.2,2499713,93461,780413,188208,164386,116523,155663,88618,215553,65442,218952,505954
1988,475,682,3.44,1.43,45.2,2719931,100596,837086,189673,176864,116611,180019,84963,257223,82749,255571,539173
1988,525,651,3.64,1.48,45.5,2962601,104807,887692,198326,184178,136238,206399,84906,301835,118311,262874,581842
1988,575,637,3.7,1.62,45.1,3096984,111040,921431,184456,183779,125317,216679,86839,276276,124574,299195,678437
1988,625,615,3.79,1.61,46.3,3292089,111948,965219,159888,191954,140377,229522,92747,324931,142583,314887,729982
1988,675,498,3.84,1.71,46.4,3501192,120537,997110,165846,193458,155248,251348,95364,345588,165597,340777,790857
1988,725,486,3.84,1.75,46.8,3752227,123977,1048446,165786,206605,164766,287906,90029,376923,187367,350597,873802
1988,775,410,3.95,1.81,47.8,3929760,123353,1066690,151744,206861,160020,274368,97063,423421,196473,392942,960178
1988,850,334,3.8,1.82,49.4,4013749,121049,1063874,154088,212513,170180,313100,102102,378869,216446,383700,1018876
1988,950,284,3.93,1.86,49.4,4292795,121565,1103623,156341,217388,197683,354011,88444,406429,228833,417265,1122777
1988,1125,472,3.95,1.92,49,4583390,129823,1149626,148028,225015,185263,375950,104061,461257,228531,458690,1246970
1988,1375,331,3.86,1.96,49.7,4724963,129177,1196693,185817,227444,211075,378059,113241,411613,251849,447614,1301559
1988,1500,770,3.97,2.08,52.1,5765600,123871,1309156,192242,267585,244733,563782,137713,533354,297756,620601,1598677
1989,200,22,2.07,0.44,67,838706,57613,365611,80313,89743,23758,32642,21319,58109,6328,54945,105938
1989,225,76,2.31,0.84,60,1357241,72884,485984,123585,120600,49934,58584,65631,92721,43363,90740,226100
1989,275,160,2.49,0.85,58.6,1580097,80473,555980,108490,128100,81453,93165,64030,134737,25714,134514,253913
1989,325,370,2.85,1.04,54.4,2042867,90078,707692,153940,152377,85053,123207,74541,161175,50922,171658,362301
1989,375,475,2.98,1.05,52.6,2270647,93261,737413,179269,157845,97560,130821,89582,213891,46648,208288,409328
1989,425,568,3.2,1.32,48.6,2549437,95604,781063,206644,164071,112643,158916,99876,230203,66817,242879,486325
1989,475,653,3.45,1.4,46.5,2776533,102395,852052,193912,172956,112827,179423,89820,262281,88173,270054,555036
1989,525,641,3.52,1.5,45.8,2944708,101290,877426,190334,179873,115564,194175,99952,282323,102910,277913,624237
1989,575,639,3.66,1.57,45.1,3195817,107104,917896,183814,182471,142192,218979,92578,331106,120076,313333,693372
1989,625,607,3.73,1.6,45.3,3333907,114423,972229,191401,188778,135423,237035,91725,312414,156832,325783,722288
1989,675,549,3.85,1.67,46.2,3566448,116139,1002606,175700,195070,155216,256359,103623,367332,164358,360604,785580
1989,725,484,3.87,1.67,46.7,3694781,120553,1043737,145045,200866,169964,296248,101709,326016,199318,360390,851489
1989,775,426,3.84,1.69,47.3,3959467,125100,1084336,142401,205184,177889,300098,96527,371987,195173,390240,995634
1989,850,368,3.92,1.8,47.7,4205292,121537,1106754,170558,214425,176477,328634,100870,473109,215606,406042,1012816
1989,950,306,3.81,1.79,47.9,4609506,124768,1113559,158968,206192,205409,347570,99707,458908,210907,445694,1362590
1989,1125,460,3.91,1.96,49.6,4502140,126438,1155179,164363,227895,183017,362010,102968,453251,279894,435269,1138294
1989,1375,340,3.83,2.03,49.8,4914357,131409,1209591,176648,222296,210914,424245,118424,461243,248137,471191,1371667
1989,1500,832,3.98,2.09,52.1,5661884,129968,1326232,194132,260268,248842,549764,129520,508665,310094,594631,1539735
1990,200,24,2.19,0.58,64.5,1212066,76277,479599,100951,118406,39266,51711,55038,79168,19930,80765,187232
1990,225,81,2.34,0.69,63.9,1455957,79516,555399,102338,134608,60833,64650,60175,106751,26512,118958,225735
1990,275,159,2.46,0.89,59.6,1710890,85974,604233,127844,137438,82836,89862,63080,124009,39929,133653,308007
1990,325,305,2.74,0.99,56.3,2106069,91154,706732,156240,161119,79866,120904,82543,195045,38788,182359,382472
1990,375,462,2.89,1.03,55.8,2360383,92141,769127,164346,169005,103210,146611,92578,211401,48440,227414,428250
1990,425,532,3.07,1.21,51.4,2536035,94010,803567,170164,171267,109819,162320,90895,236908,63006,235566,492524
1990,475,580,3.26,1.35,47.5,2802533,97765,858239,209101,174449,129500,187349,103252,269845,64932,261822,544044
1990,525,603,3.49,1.37,45.4,2978103,100799,905374,202362,185194,128840,193286,95563,320172,102855,273993,570463
1990,575,598,3.53,1.5,45.7,3198591,105084,943905,189131,186497,141285,212105,103368,298917,136443,317197,669743
1990,625,584,3.63,1.6,46.3,3298315,108940,987184,186811,195403,141453,225377,94127,291910,139558,322086,714406
1990,675,523,3.76,1.68,46.7,3698917,114126,1039146,195667,203308,158395,262654,105607,373656,164637,375790,820058
1990,725,498,3.76,1.71,47,3838349,119040,1080286,157361,209107,155664,288437,101931,415593,202157,380278,847534
1990,775,446,3.77,1.7,47.8,3994516,123144,1093838,153066,213024,171436,310543,104278,393858,211000,405366,938107
1990,850,387,3.81,1.75,47.9,4096108,117114,1129227,165214,213805,173012,317031,106281,391820,202423,397223,1000072
1990,950,304,3.89,1.82,48.5,4378123,128318,1160161,183772,227023,166117,343331,113410,402234,289690,446883,1045502
1990,1125,523,3.84,1.88,49.6,4639626,125657,1194024,148432,235209,202595,365662,119593,446951,245940,483924,1197297
1990,1375,382,3.92,1.94,50.4,4831016,126364,1234471,142946,234855,191141,422786,124354,456129,279313,482908,1262113
1990,1500,987,3.97,2.13,52.4,5852458,131389,1362509,204879,270836,254396,574816,148575,523849,335634,630748,1546216
1991,200,226,2.43,0.81,61,1701176,82883,616719,134404,147201,89486,90505,57049,119384,21763,135708,288959
1991,225,258,2.74,1.02,56.5,2191940,93364,753241,152661,168233,95403,134792,79116,176112,53443,192503,386436
1991,275,379,2.82,1.01,56.2,2388067,90056,763576,242345,168566,101201,135151,82135,200577,44230,209438,440846
1991,325,505,3.03,1.16,52,2651919,94338,833131,199609,185510,109582,155071,121043,270209,59599,236580,481586
1991,375,505,3.15,1.34,48.9,2899419,98692,871354,219590,182145,123245,195714,101180,266347,79660,292672,567512
1991,425,573,3.37,1.4,47.1,3028073,99741,902588,213920,193766,139017,195476,99212,287478,82022,282770,631824
1991,475,577,3.55,1.55,46.5,3231893,106367,966304,218118,197899,131548,221112,104581,288777,120444,319889,663222
1991,525,553,3.6,1.56,46.1,3384170,109724,1002584,199343,196924,139081,242328,107459,349294,116507,323350,707300
1991,575,513,3.63,1.56,47.1,3710980,115428,1050756,203195,208779,155405,251802,104238,375025,146731,365025,850024
1991,625,492,3.68,1.67,47.6,3749293,119511,1088416,210011,212808,163698,267805,107503,339750,182625,384898,791780
1991,675,428,3.81,1.72,47.1,4108163,122469,1154690,187063,220638,185375,306452,105189,387769,208696,399676,952616
1991,725,410,3.87,1.77,47.2,4104999,123064,1143183,162450,226481,162801,314386,108312,393647,203435,422018,968286
1991,775,337,3.83,1.83,49,4477297,124770,1170317,194475,227010,200875,330435,108984,449890,234734,438412,1122167
1991,850,614,3.86,1.89,49.1,4704466,125989,1222676,199186,237208,211559,377722,109408,445637,247025,492053,1161992
1991,950,409,3.89,1.96,50.1,5006578,129049,1260466,193186,243438,239263,401020,116518,465929,296919,499413,1290427
1991,1125,624,3.92,2.1,51.7,5341477,130121,1326679,170687,258718,220212,457456,124877,515061,289961,546506,1431319
1991,1375,285,4.05,2.2,51.7,5996007,137978,1428291,195066,270724,291494,567831,144638,511184,295132,599381,1692266
1991,1500,290,3.97,2.29,55.1,7291330,129901,1607618,297364,317283,341833,817712,171302,621462,320185,839949,1956622
1992,200,206,2.44,0.97,61.2,1630509,79720,589499,152778,154941,74105,85461,67160,119217,17407,126163,243778
1992,225,226,2.83,1.05,55.7,2155197,90655,733781,166740,171302,87676,132992,75834,180908,52518,188241,365205
1992,275,362,2.7,0.92,58.4,2279737,94398,749804,176625,170818,92848,127194,85966,178611,48631,221062,428178
1992,325,453,2.94,1.04,55.2,2685719,101403,849879,192187,190553,102090,163849,105858,214913,49571,250401,566418
1992,375,502,3.05,1.24,50.4,2852979,98152,883440,231727,187165,112810,185052,97867,266806,71180,274640,542290
1992,425,509,3.34,1.38,48.4,3054350,102976,913630,242292,197023,120799,198746,111403,283047,84295,294133,608983
1992,475,537,3.43,1.46,46.6,3242023,106591,949409,229712,200441,142139,218693,108485,310215,112557,326720,643652
1992,525,560,3.54,1.49,47.1,3347943,107417,986038,237659,204309,144292,235932,115413,308884,119195,334898,661323
1992,575,488,3.57,1.55,46.5,3516151,110325,1038020,207721,209933,138036,236166,101791,331701,140785,378587,733411
1992,625,531,3.65,1.59,47.1,3838443,119478,1091727,207683,215105,149673,266073,117739,358738,159052,414120,858535
1992,675,442,3.73,1.68,47,3992014,118847,1105314,235979,224390,164057,291870,104440,386806,214720,403642,860794
1992,725,448,3.78,1.76,47.4,4128682,129721,1131098,220412,228292,170250,288606,103884,371220,256576,426824,931519
1992,775,349,3.83,1.88,47.8,4446037,126807,1171892,237338,234246,187837,310406,110246,480321,201922,457340,1054491
1992,850,585,3.82,1.86,49.3,4736816,128225,1213678,207895,243481,207107,359812,101178,457693,285362,490713,1169899
1992,950,425,3.77,1.96,49.8,4949764,126024,1231885,196698,244392,190304,384000,120154,464840,292981,508147,1316363
1992,1125,695,3.87,2.06,51.1,5494203,132582,1316009,212706,261220,225039,418873,132171,561041,336658,551895,1478591
1992,1375,318,3.89,2.16,52.7,5958485,133748,1408349,266755,272219,261651,550496,144062,503518,330897,595936,1624601
1992,1500,326,3.94,2.22,54.7,7020015,127683,1521839,255450,316113,353313,695043,178660,620203,303152,807209,1969031
1993,200,178,2.41,0.76,62.2,1628849,88541,585252,164916,153035,61227,71373,59147,121636,27255,125658,259349
1993,225,225,2.71,1.01,58.3,2145255,98496,749278,171408,178887,78346,111358,89669,174242,47380,196095,348591
1993,275,331,2.69,0.91,59,2522207,100979,778201,176961,180522,112830,130636,90615,228348,42896,244234,536964
1993,325,435,2.76,0.93,57,2740806,104029,850549,182577,193736,108962,152393,110386,224646,58788,296494,562275
1993,375,455,2.95,1.17,52.5,2811119,102057,855863,242067,194287,119368,169466,109768,277849,62072,271287,509093
1993,425,497,3.23,1.35,49.3,3010520,107171,887048,228351,202101,122131,181590,113369,283738,80159,305622,606411
1993,475,512,3.36,1.4,47.5,3173370,110437,928003,282481,204304,142403,201041,117961,298594,98147,291148,609287
1993,525,571,3.48,1.51,45.8,3331151,109024,950933,234283,210190,129836,213332,109588,346996,133822,340418,661754
1993,575,485,3.49,1.55,46.9,3578867,112024,998391,244059,211942,145716,225888,117116,365504,115984,381495,772774
1993,625,486,3.64,1.59,46.5,3732288,122748,1049692,205705,216955,138733,254401,116290,368709,178306,382787,820710
1993,675,429,3.67,1.62,46.4,3978742,117113,1072846,243754,226871,163463,266841,109738,432561,209705,392080,860882
1993,725,420,3.73,1.71,47.4,4172701,124522,1125051,240811,229527,153953,276223,113882,408430,218743,475209,930874
1993,775,347,3.75,1.78,48.2,4302035,130163,1163866,194072,236306,166430,308001,135285,469574,222770,458324,947407
1993,850,631,3.72,1.86,49.7,4676885,129596,1183372,210840,243733,172865,331932,116998,495684,262192,480014,1179255
1993,950,470,3.83,1.92,49.7,4880406,134764,1211305,203139,252697,181513,350761,116286,487018,265680,512367,1299639
1993,1125,749,3.82,2.02,51,5407438,135712,1276669,240038,265548,223658,404423,139419,575642,301912,542244,1437885
1993,1375,363,3.98,2.21,52.5,6070776,141639,1401511,244958,285882,223523,506812,151081,602747,311866,637468,1704928
1993,1500,380,3.97,2.24,54.2,6838778,143411,1545324,237964,330641,317406,677507,172680,577712,357023,821868,1800652
1994,200,163,2.33,0.76,61.8,1766263,87568,608141,178524,159767,66676,83508,73250,136506,49501,142966,267425
1994,225,205,2.7,0.93,58.6,2173338,95678,711319,217597,176497,88070,107044,110546,192495,39210,176728,353834
1994,275,306,2.61,0.86,58.9,2350161,99330,761911,213326,171880,98372,128415,99164,176204,44234,201542,455115
1994,325,408,2.77,0.95,56.3,2732291,99998,812598,258893,195634,115175,142730,108015,269806,43313,247830,538297
1994,375,453,3.03,1.14,51.8,2837270,105908,849783,227584,199520,124963,165055,126082,258382,70060,279206,536635
1994,425,512,3.16,1.27,49.7,3005150,99492,883686,241070,207709,121470,175565,107416,292707,80412,312556,582558
1994,475,530,3.3,1.39,47.7,3201871,103167,905827,288855,213819,140340,186376,116020,319446,106339,316812,608037
1994,525,563,3.42,1.45,46,3354251,106869,945413,286661,214032,161497,204900,103123,321771,119352,335693,661809
1994,575,490,3.47,1.56,46.5,3487716,111109,968267,271538,218481,145924,212610,111390,373337,140964,345460,699744
1994,625,509,3.59,1.57,46.3,3658216,116088,1035659,256886,232137,143486,227023,118866,366024,166755,383345,728034
1994,675,421,3.71,1.6,46.1,3921599,125032,1089522,249057,230996,159020,245088,109609,417979,213191,403495,803642
1994,725,417,3.65,1.7,47.1,4132022,124785,1115422,286077,237009,160907,256807,110036,420316,177136,425031,943282
1994,775,349,3.69,1.81,47.9,4166513,125075,1115661,242856,244726,158281,273826,108886,456888,227524,419058,918808
1994,850,612,3.74,1.76,49.2,4651097,128953,1163567,229905,246598,190802,311165,124814,491623,284962,473868,1133793
1994,950,516,3.78,1.92,49.2,4820743,131840,1197750,199602,262761,183050,336240,127160,470235,323437,485531,1234976
1994,1125,752,3.86,2.04,51,5250133,132785,1274241,227929,269421,196096,382745,133106,520805,302518,537060,1406211
1994,1375,360,3.84,2.21,52,5901296,138086,1360064,255525,293907,256593,476043,126271,523300,308723,708596,1592274
1994,1500,395,3.79,2.23,53.9,6811969,136576,1484840,234006,317776,319201,632685,156201,623965,351529,777845,1913923
1995,200,189,2.42,0.82,61.3,1749943,74376,593155,179283,168375,72978,89214,68044,142897,35843,135758,264394
1995,225,210,2.72,1.06,57.4,2158719,86906,718398,182905,186236,91647,103607,92397,182638,63568,187297,350027
1995,275,299,2.64,0.9,59.6,2388373,88241,755203,191642,187491,105535,115642,113267,208886,45741,200931,464037
1995,325,430,2.73,0.83,58.3,2622580,90079,780969,214844,193499,114487,141682,110645,226975,59261,249582,530637
1995,375,458,2.87,1.11,54.2,2866443,87497,812633,270748,198730,117812,142365,116550,289497,65954,268234,583920
1995,425,498,3.07,1.27,50.5,3021270,93691,847564,284568,211005,123485,171491,103417,318795,73275,292140,595529
1995,475,529,3.2,1.35,48.6,3194083,96996,889119,267254,214768,132538,193677,112428,335927,98659,299953,649759
1995,525,502,3.27,1.44,47.8,3314289,97091,912666,299294,218390,130782,195200,121242,353883,106461,309773,666598
1995,575,475,3.48,1.58,47.2,3517460,101040,959865,246000,225009,135796,210304,121140,371520,151079,354868,741879
1995,625,489,3.59,1.59,47.2,3724927,103328,994448,272889,233657,149234,227188,121317,432244,169329,373295,751325
1995,675,427,3.59,1.66,48.1,3888886,104833,1023554,332619,234782,135130,226050,112094,404687,170385,408675,840910
1995,725,439,3.57,1.69,48.2,4169620,108147,1054384,311884,240514,179687,268963,110342,434011,224428,424913,920492
1995,775,362,3.62,1.69,47.5,4330101,112117,1112006,241041,245549,180535,284715,112556,470245,272454,401261,1009738
1995,850,610,3.74,1.78,49.4,4374997,114163,1124489,230351,251834,171485,278327,122110,438940,265697,444011,1047753
1995,950,507,3.73,1.91,50.1,4746940,120886,1181385,200883,265245,200219,302426,117291,476967,270824,491944,1239755
1995,1125,785,3.84,2.05,51.4,5114049,123201,1233560,244697,281951,203031,370688,129568,497001,323070,509307,1321177
1995,1375,334,3.92,2.18,52.6,5667080,127450,1325648,277789,298253,216750,419211,141679,600310,319281,568919,1499239
1995,1500,379,3.87,2.27,54.9,6770572,120813,1473059,276484,332551,320624,629254,176926,588552,302379,761778,1908965
1996,200,200,2.34,0.86,62.7,1756457,74178,623092,123502,190309,71426,86521,61058,138367,28415,141123,292645
1996,225,196,2.56,0.87,60.2,2219515,84547,694644,218958,190547,90437,95948,86237,208273,38921,182093,413457
1996,275,309,2.65,0.89,58.8,2319133,88676,724654,203325,190470,95557,111879,101952,208817,35991,195010,451477
1996,325,436,2.59,0.87,59,2609586,84495,786325,258444,202966,100921,139284,110255,223214,56285,235813,496079
1996,375,483,2.87,1.02,55.1,2871850,88219,855105,246857,212092,125323,151647,126730,261770,57781,282659,551886
1996,425,505,3.04,1.21,51,2957209,90064,838304,280149,213818,130427,167317,108215,312918,98262,264611,543187
1996,475,485,3.13,1.29,48.3,3179023,91733,849845,307534,210304,138874,172081,126008,373745,87398,312133,601101
1996,525,511,3.28,1.4,48.2,3317209,91683,906592,271296,219231,123779,175424,110764,462288,111975,316310,619550
1996,575,497,3.31,1.48,48,3435113,96930,926706,288423,219681,134150,198095,126286,369059,130019,352652,690040
1996,625,456,3.54,1.56,47.2,3675463,99556,987284,299985,242176,133308,218112,111090,415873,148320,373637,745680
1996,675,451,3.39,1.56,48.8,3828709,101570,1006388,293944,236371,151525,218003,128722,437898,147219,385903,822737
1996,725,403,3.54,1.64,48.9,4077057,109049,1059161,299095,248082,147300,251862,111079,442833,208749,428853,880043
1996,775,361,3.65,1.7,48.9,4281089,112730,1092731,242415,255444,192565,286382,130111,457850,233004,450466,940120
1996,850,625,3.68,1.8,48.9,4493979,115494,1122225,291302,263625,183085,269641,126880,478088,265588,455324,1038221
1996,950,508,3.66,1.9,51.1,4788091,112724,1167802,250727,268258,203377,306381,123297,517872,276469,472137,1201771
1996,1125,793,3.72,1.99,51.3,5251960,118577,1238510,226966,283377,206731,362439,152202,587959,315728,533754,1344295
1996,1375,345,3.78,2.14,52.1,5731416,116255,1310682,289454,296923,198784,437711,142892,587097,323693,632986,1511195
1996,1500,362,3.86,2.31,54.2,6847053,121321,1489206,301829,346168,280618,583082,186980,605060,333529,804493,1916088
1997,200,192,2.36,0.82,61.4,1868825,72931,608583,137717,177569,73490,81689,78342,155585,24941,147156,383754
1997,225,219,2.64,0.92,59,2253831,82541,713593,241908,202655,81572,102849,99617,193932,59709,190436,367560
1997,275,312,2.53,0.85,60,2374279,81511,740991,239163,202523,90484,121269,102787,206787,45592,209875,414807
1997,325,432,2.65,0.84,58,2617496,86612,794949,251138,210683,108018,126410,122232,225306,39201,244582,494977
1997,375,487,2.84,1.03,55.6,2899835,87067,837343,292167,215152,113675,143734,135217,252896,59772,258647,591232
1997,425,502,2.93,1.17,53.3,2933667,89297,861997,259371,220300,112228,149815,117691,294853,69687,290943,556781
1997,475,492,3.14,1.32,49.4,3174235,88435,885067,291368,217036,119059,172606,112636,336166,94106,334578,611612
1997,525,511,3.28,1.4,48.2,3341647,88656,901882,281363,228876,140175,187747,116988,404602,105683,340061,634272
1997,575,477,3.28,1.45,47.9,3541356,93927,941375,297618,236205,137607,202733,131562,391413,134055,341509,727279
1997,625,465,3.42,1.55,48.7,3604820,94908,988700,262715,245814,156431,213274,119167,378837,146427,394443,699012
1997,675,423,3.56,1.65,48.6,3944661,104260,1056083,286220,254271,167536,231191,140985,411613,189759,404528,802476
1997,725,399,3.57,1.64,47.4,4105273,104380,1068584,296989,253735,152062,251819,123959,428495,228894,409356,891380
1997,775,358,3.61,1.71,48,4239836,109357,1085378,238224,259961,161429,248049,127337,572896,207681,442594,896289
1997,850,627,3.63,1.77,49.4,4590063,110803,1157191,277687,271797,176938,279132,131137,486370,276284,465701,1067826
1997,950,504,3.71,1.89,49.9,4917607,115898,1180884,216232,285943,182459,305519,140142,548132,294595,492095,1271606
1997,1125,786,3.72,1.94,51.5,5263532,116706,1262667,257625,288996,188226,355557,142248,554882,306441,557117,1349773
1997,1375,357,3.88,2.14,52.5,5979577,120136,1369336,224378,318603,234993,443759,154238,602767,382334,642296,1606874
1997,1500,392,3.82,2.26,54.6,6817299,116109,1468415,369829,348631,287996,564918,201733,673077,326175,816776,1759749
1998,200,162,2.36,0.64,64,1593552,69322,539133,141799,165424,53753,56836,105044,131028,12839,123483,264213
1998,225,198,2.62,0.92,58.6,2238004,78068,716512,237237,192799,87273,89562,91888,190661,49907,183224,398941
1998,275,322,2.55,0.86,61,2456944,81043,745798,200329,203122,94581,121971,100452,219399,57876,214805,498611
1998,325,448,2.69,0.86,59.2,2679455,83236,806838,211324,217731,122626,123713,111619,262859,28711,269750,524284
1998,375,493,2.72,0.93,55.8,2775250,84868,829151,243892,210411,109837,137479,124302,258150,59358,276383,526288
1998,425,491,2.9,1.12,53.4,2952740,86844,865266,275791,221513,115461,149139,125993,299071,71369,281926,547212
1998,475,504,3.06,1.28,50.2,3046566,85476,861407,279617,222917,124595,165635,120174,311412,84604,299652,576554
1998,525,506,3.16,1.4,50.1,3306633,87327,924654,293381,232633,129257,169157,122124,373139,105614,342731,613943
1998,575,483,3.3,1.44,49.1,3468623,92299,939344,268302,238084,132110,185236,132200,391388,123305,369545,689109
1998,625,477,3.47,1.49,48.2,3646175,97339,987019,245929,240428,136779,205133,133241,421093,162909,374435,739208
1998,675,441,3.54,1.64,47.9,3913376,98252,1044898,232703,251708,147707,223451,148262,413275,249643,409766,791963
1998,725,402,3.5,1.63,48.1,4002791,102057,1046670,267869,260774,144872,224560,132329,434404,200143,435131,856040
1998,775,349,3.6,1.68,48.3,4089394,102558,1086415,206080,260090,169993,231988,121347,455047,246018,410721,901696
1998,850,633,3.6,1.73,49.8,4377481,107894,1132322,228012,266939,158796,264646,146638,483212,241032,457984,997899
1998,950,477,3.76,1.95,50.6,4709628,114695,1195595,220521,283831,174524,275170,141591,502954,265740,478543,1171160
1998,1125,780,3.68,1.95,51.8,5295426,113488,1248778,209948,292812,186585,324536,158418,605425,290779,564868,1413278
1998,1375,380,3.76,2.12,52.7,5991662,116151,1333426,261901,313578,219793,405291,171867,676744,315013,600971,1693077
1998,1500,395,3.8,2.29,55.1,6555099,116286,1449975,322810,336980,270754,518874,184607,647043,302970,760763,1760323
1999,200,205,2.32,0.74,60.4,1622249,67363,567859,150924,172502,64989,62962,85492,137321,19883,131584,228734
1999,225,224,2.57,0.88,58.4,2265037,78348,736585,197422,195434,87251,92967,103663,232806,42080,205697,371133
1999,275,323,2.58,0.81,60.2,2430325,79924,755010,219601,203001,93026,104367,116781,211328,32727,216178,478305
1999,325,464,2.65,0.87,59.3,2655777,86431,797221,236662,210634,114485,121378,130975,244990,56238,262210,480984
1999,375,532,2.72,0.95,55.8,2840669,81010,819022,292406,212368,107404,134018,125698,288276,51052,296084,514342
1999,425,523,2.92,1.06,53.9,3040899,84917,852291,291378,221759,117159,141675,127896,328141,66658,315234,578708
1999,475,509,3.14,1.26,50,3144820,86643,866553,290671,228021,115968,151530,129368,325444,83993,331657,621615
1999,525,478,3.27,1.42,48.8,3280206,87528,911506,290315,230118,119228,168635,131346,350077,129590,344747,604644
1999,575,457,3.22,1.39,49.6,3478914,90085,909435,308247,232505,133709,191302,144606,346906,122178,376275,713752
1999,625,471,3.4,1.51,48.7,3565400,95127,970297,270123,245004,126843,188303,127348,374665,144410,368596,749811
1999,675,411,3.49,1.6,48.3,3765135,96207,1017226,253905,245306,137455,210923,126892,381707,182926,411304,797491
1999,725,385,3.57,1.6,48.2,3924850,98897,1008153,296189,253037,149076,207478,127613,458408,182466,422795,819635
1999,775,329,3.62,1.72,48.7,4212294,102560,1096865,274256,258975,150075,249089,142739,488155,247695,439592,864853
1999,850,617,3.67,1.73,49.4,4433713,105335,1114875,249753,268760,157631,257922,134829,497584,233755,479037,1039566
1999,950,481,3.59,1.87,50.2,4687377,107812,1160768,207916,277215,178282,284928,141726,519532,267122,505399,1144490
1999,1125,734,3.65,1.96,52,5231408,111420,1231207,228356,291738,205526,337267,163379,602161,270498,575381,1325895
1999,1375,355,3.84,2.12,51.9,5706342,113953,1306790,195599,309524,232131,389290,158896,667881,304641,658607,1482983
1999,1500,403,3.82,2.27,54.7,6380655,119292,1437837,198940,348584,250502,523903,195418,623599,265233,824267,1712372
2000,200,226,2.41,0.74,61.4,1815089,65127,575280,198194,190574,71007,77397,79858,158883,25212,134349,304335
2000,225,241,2.51,0.8,60.2,2320243,73093,683144,245813,196039,99824,98798,111316,271913,27697,191611,394089
2000,275,338,2.58,0.82,60.5,2428132,75682,740162,206424,204954,98205,104324,114623,236577,37145,225475,460244
2000,325,502,2.64,0.83,59.4,2681726,80790,796778,227843,225307,103839,124199,129085,289188,35124,263180,487183
2000,375,537,2.72,0.91,56.8,2774620,79796,804856,262546,225925,112886,122964,123991,283264,52340,276062,509786
2000,425,536,2.96,1.16,53.7,3022289,82271,841978,298826,223205,103992,142672,134587,359137,62866,314886,540140
2000,475,515,3.1,1.31,51.7,3148081,83972,869260,252109,235708,113253,149466,133664,363461,105488,331589,594084
2000,525,502,3.17,1.41,49.1,3262223,84065,882983,280856,238430,125171,182551,123656,382202,90177,338921,617275
2000,575,462,3.25,1.46,49.8,3311767,86907,902065,235729,245781,114896,170212,126837,391298,124728,338577,661645
2000,625,426,3.47,1.53,48.3,3588988,90461,949036,260487,255949,134068,193627,130939,444660,157340,386398,676484
2000,675,399,3.37,1.55,49.1,3875122,92988,986118,226205,256113,145790,205557,152469,501362,182221,443846,775440
2000,725,375,3.54,1.65,49.7,3922575,96175,1018857,269755,260171,135187,223407,136040,454840,196822,414786,812710
2000,775,333,3.55,1.69,48.6,4096560,96014,1021213,225389,263930,138997,218371,156389,517198,208771,460634,885668
2000,850,583,3.61,1.76,49.9,4429259,101299,1074201,264930,274764,152459,242261,134062,487135,258244,484746,1056457
2000,950,439,3.57,1.84,50.9,4754428,103007,1138993,226547,288343,167017,261945,163321,540019,296939,496469,1174834
2000,1125,709,3.6,1.93,51.9,5089863,103380,1183195,233446,301194,195770,302321,144635,577626,304154,559214,1288309
2000,1375,340,3.65,2.11,53.4,5764800,112373,1264671,228857,336207,198425,363245,162529,668712,307404,627137,1607615
2000,1500,341,3.83,2.31,54.9,6547242,113468,1425936,302902,354416,235507,455091,189778,730467,369187,755079,1728881
2001,200,231,2.38,0.69,63.3,1603098,61764,526559,154620,183012,65010,53409,92528,155239,16421,114728,241570
2001,225,254,2.58,0.99,59.9,2171151,78233,686639,205324,203967,86049,86209,105449,240601,46010,191755,319148
2001,275,347,2.52,0.78,60.1,2372011,73690,698086,230835,207753,96218,96079,122751,232485,23318,226565,437921
2001,325,500,2.67,0.83,58.7,2591737,78232,782224,209943,218990,97798,115492,128800,250520,32745,261611,493614
2001,375,553,2.76,0.92,57.4,2786852,76481,808344,223181,230993,109422,122212,139641,302663,45553,278472,526370
2001,425,573,2.93,1.1,54.2,2992803,79693,808658,284321,230509,113617,129246,124308,389173,62672,319163,531137
2001,475,488,2.96,1.22,52.6,3162002,76430,822122,337596,231071,121796,145810,141318,396266,78405,302901,584717
2001,525,510,3.19,1.43,50.9,3127518,84734,852827,233751,240098,113366,148591,131727,405575,108153,309780,583651
2001,575,460,3.26,1.43,50.7,3482273,84475,903925,259982,241796,137607,177376,144037,391546,139569,406063,680373
2001,625,482,3.37,1.52,50.1,3561522,86386,936753,248235,259385,146778,172551,134860,444089,135903,392984,689985
2001,675,409,3.47,1.64,49.9,3690045,91190,977240,212592,259711,135414,191779,139662,436117,185439,374840,777252
2001,725,373,3.52,1.63,50.1,4086744,91609,996482,257318,265420,153250,213453,129676,491804,206513,448030,924798
2001,775,310,3.5,1.66,50.6,3939876,93715,998720,178545,263029,159176,227031,131186,459713,195845,462922,863708
2001,850,611,3.6,1.8,50.2,4288724,97153,1050544,218500,277507,153408,239328,138243,555977,260704,467962,926552
2001,950,443,3.57,1.86,51.5,4594639,102250,1113517,221231,292496,181260,257688,157948,499380,262452,505668,1102999
2001,1125,647,3.66,1.95,51.8,5098863,98696,1160917,253428,300547,198499,294482,161901,638606,271451,545722,1273310
2001,1375,289,3.75,2.21,53.4,5655798,102347,1256281,223747,317818,202877,322755,180603,662985,278438,619906,1590389
2001,1500,303,3.75,2.29,56.5,6507249,104731,1403363,291040,355120,245618,463441,193941,741189,327082,781054,1705403
2002,200,210,2.34,0.68,62.3,1634620,64986,551257,143050,168183,63076,50709,73275,139422,31721,132644,281283
2002,225,286,2.59,0.93,58.8,2198477,73704,664022,179218,201487,82612,88309,122687,229440,43706,213372,373626
2002,275,382,2.54,0.74,60.9,2437882,74848,720740,230984,212641,90471,97113,124881,267804,32166,224787,436296
2002,325,521,2.65,0.82,60.6,2646114,77542,769862,229666,219579,91149,103562,138109,281054,46665,258922,507544
2002,375,569,2.7,0.93,57.4,2742655,75602,762784,272828,221899,103268,113156,138832,295428,43833,262820,527808
2002,425,582,2.88,1.02,54.9,2974472,78714,817462,280895,225791,102801,130841,150077,346016,60510,298769,561308
2002,475,532,3.01,1.23,53.2,3059140,78036,818105,292776,229996,108876,145704,124928,348625,69968,318154,602007
2002,525,526,3.15,1.36,52,3361479,81701,881684,262885,233711,132642,147812,146585,447418,115213,351862,641668
2002,575,461,3.3,1.45,50.2,3440847,84154,900192,257423,247714,132162,172277,120919,440246,127081,372613,670221
2002,625,456,3.41,1.57,49.5,3458054,87735,939267,206632,258685,124854,172378,132445,447610,168596,386088,621499
2002,675,397,3.49,1.58,50,3720876,91576,967544,273751,261545,134718,181611,129763,429916,184025,408027,749977
2002,725,372,3.41,1.61,50.5,3787169,89688,980794,177629,258661,126035,191126,126890,512134,225123,413300,775479
2002,775,302,3.5,1.66,50.3,4152449,95631,1064522,212387,272422,160329,217801,160602,482103,246051,451346,884886
2002,850,568,3.58,1.76,50.3,4280900,95747,1073406,225101,272047,144919,219330,140690,544277,241352,455451,964328
2002,950,426,3.56,1.81,51.3,4618458,95887,1086193,229475,278027,168480,241959,146775,596021,258734,497519,1115275
2002,1125,600,3.65,1.94,52.1,5103729,101563,1198564,253691,297376,177752,301233,156010,588207,300898,550798,1279200
2002,1375,280,3.63,2.04,53.8,5502980,102763,1208037,212741,316122,215360,331879,169091,710691,287317,614899,1436842
2002,1500,299,3.69,2.15,55.4,6834931,103037,1443166,323772,352092,224655,487284,203551,765447,283659,822211,1929095
2003,200,150,2.32,0.72,63.1,1380429,59108,482027,159902,168404,44720,37616,80445,139078,8105,95369,164762
2003,225,281,2.65,0.89,59.9,2456086,73504,677087,226272,205403,90344,81806,117428,357356,53565,227565,419261
2003,275,387,2.53,0.8,60.8,2402853,72230,705840,227760,210027,88896,91226,146328,254186,42859,206341,429389
2003,325,584,2.6,0.76,60.3,2504363,78314,741766,208213,213034,95655,101761,142926,248071,36300,238089,478548
2003,375,624,2.77,0.92,57.6,2797392,78308,791113,229525,223363,106731,112789,135220,332304,55203,266699,544447
2003,425,620,2.95,1.11,54.9,3005132,82443,819081,289962,227280,116174,122110,152037,347478,71110,313019,546881
2003,475,549,3.11,1.23,52.5,3121956,84626,843284,250007,235137,113299,130796,137398,388194,108996,336065,578781
2003,525,528,3.23,1.49,50.8,3212262,83197,845530,236865,235931,115896,152785,144533,429271,117084,316131,618237
2003,575,468,3.31,1.47,51.3,3388403,86620,912075,242713,246357,115807,150892,143249,403766,119455,360202,693887
2003,625,472,3.42,1.52,50.2,3553086,88428,917536,228484,255887,122614,163382,139022,484667,157689,379004,704800
2003,675,376,3.42,1.56,50.1,3780690,86998,942523,261412,255356,139817,194930,154616,493930,189790,403312,745005
2003,725,377,3.51,1.6,49.9,3947519,93438,988505,287203,259493,147193,202141,154719,495118,201060,429381,782706
2003,775,317,3.63,1.75,49.4,4098120,93231,1000877,197008,273584,140283,202088,140025,580469,239938,446439,877409
2003,850,552,3.55,1.76,51.3,4280044,98949,1050277,233263,275273,140318,225120,148966,539985,272742,459369,934729
2003,950,391,3.54,1.83,51.9,4539793,100007,1088434,206609,283263,149314,231040,148607,602000,255834,459747,1114945
2003,1125,595,3.66,1.94,52.5,5184112,100565,1171011,289803,293872,175475,288020,170227,696861,305759,555028,1238058
2003,1375,238,3.65,2.02,52.9,5639728,101574,1239380,254769,310514,185617,350647,192219,691878,310015,607974,1496714
2003,1500,238,3.67,2.2,56,6597767,113230,1408165,276746,353844,241019,478168,242553,655377,421507,827003,1693387
2004,200,150,2.4,0.79,62.4,1353582,64067,494040,128796,168329,46937,37442,77578,117153,9533,105342,168431
2004,225,285,2.73,0.95,58.9,2302960,74668,687134,243380,211724,80887,77597,112234,231174,56798,210593,391438
2004,275,420,2.6,0.74,61.3,2370750,77010,721995,199520,212275,84122,82530,119912,274366,33293,225384,417353
2004,325,597,2.57,0.74,61.3,2565016,80377,762976,202489,215890,97244,94856,132461,295974,36716,245461,480950
2004,375,622,2.82,0.95,58.4,2837728,80475,786107,235783,231372,113638,114814,138365,338142,50308,293490,535707
2004,425,603,2.85,1.08,56.2,2959121,79042,795588,268085,225188,97434,121654,136447,354543,59904,322041,578239
2004,475,555,3.06,1.28,53.1,3148125,83246,831761,248363,229716,108662,136122,131498,442312,85115,352443,582135
2004,525,529,3.28,1.4,51.5,3265661,86889,866942,223501,243152,114014,139576,137815,447427,109323,339597,644314
2004,575,478,3.2,1.45,50.1,3423406,83087,859882,272425,237922,115976,167379,138431,436607,138451,375428,680903
2004,625,472,3.39,1.51,49.3,3545427,88371,915033,260399,248753,118837,167862,141386,470917,157785,387436,677020
2004,675,384,3.41,1.65,51.8,3756543,89666,956527,231147,261257,126670,184017,144605,479078,195563,398905,778773
2004,725,370,3.45,1.66,49.6,3901493,92128,962161,215675,270018,124927,193857,161441,513455,223078,428982,807900
2004,775,309,3.55,1.6,51,4202557,93712,1026553,193213,268092,145410,198280,166632,587559,218288,454116,944414
2004,850,526,3.6,1.77,50.4,4527856,98436,1063202,272510,281623,156550,231802,162230,569944,279452,510322,1000221
2004,950,407,3.54,1.82,50.6,4897097,98193,1071642,237974,281836,145779,243879,154958,745390,332384,539150,1144104
2004,1125,586,3.66,1.87,52.2,5184896,101642,1185176,232054,310026,171125,290505,187351,654062,374104,563921,1216572
2004,1375,230,3.62,2.05,54.2,5627055,105083,1245680,160874,305971,213762,302133,180609,800131,301322,644250,1472324
2004,1500,217,3.74,2.18,54.7,6545597,110787,1408368,254142,340209,197769,433548,246326,871973,343457,778497,1671307
2005,200,189,2.36,0.76,64,1407206,56544,478376,135438,172809,52908,41176,73723,161773,9858,102811,178333
2005,225,299,2.55,0.95,62.3,2201985,68291,658595,195906,212364,87054,74413,116243,252654,28662,193750,382343
2005,275,444,2.6,0.78,61.6,2404324,71364,707239,183682,211654,83465,88101,150961,291351,43465,235168,409239
2005,325,608,2.68,0.81,60.5,2531563,70840,727429,188643,221902,88163,98910,143175,284681,45105,242891,490666
2005,375,644,2.66,0.9,60.1,2764629,69657,756023,255129,230101,102233,102989,156175,334044,49638,278037,500260
2005,425,635,2.87,1.12,56.1,2995942,75407,808361,268290,238561,102804,122361,143307,363096,61373,307882,579907
2005,475,556,2.99,1.28,55,3080674,78225,831274,233443,240824,112462,139180,150690,371936,89106,323698,588061
2005,525,553,3.2,1.46,52.4,3327270,80329,865970,262986,248703,116838,146029,138437,449265,107484,356515,635043
2005,575,495,3.36,1.48,52,3466538,81722,893084,206021,252403,123979,156883,144008,502666,137225,389049,661220
2005,625,460,3.42,1.59,50.8,3582454,85087,920987,226951,261793,123355,164848,154212,458877,174525,384413,712492
2005,675,386,3.37,1.6,51.6,3785791,83526,943366,243265,265107,131375,176501,176057,486330,172751,435752,755288
2005,725,382,3.57,1.67,50.4,3938878,82971,955919,268851,274757,125526,172450,154207,515358,217972,417401,836436
2005,775,300,3.44,1.68,51.5,4155936,84252,1006497,267753,281844,141106,211288,168635,538847,211000,452374,876591
2005,850,561,3.57,1.85,51,4424631,87306,1030551,206105,287799,145332,227656,167855,631815,229381,484064,1014074
2005,950,387,3.58,1.86,50.4,4871806,87540,1082396,252089,289017,167587,247944,171991,690185,296387,534239,1139971
2005,1125,555,3.69,2,53.3,5068041,97093,1160259,218420,310825,175021,276405,181432,670257,308280,542325,1224818
2005,1375,232,3.72,2.15,53.3,5753226,90588,1211166,261207,326625,195946,301069,223740,734299,328334,652689,1518151
2005,1500,208,3.67,2.2,56.3,6658842,99271,1336839,275730,349184,228921,466101,237704,811087,347212,794772,1811292
2006,200,219,2.45,0.72,63.2,1370820,54445,495285,118079,191905,43547,38887,66317,128678,8446,97357,182321
2006,225,314,2.6,0.96,61.5,2217831,66622,644643,195048,226284,74822,73134,115799,269024,26457,193459,399160
2006,275,449,2.55,0.76,61.6,2461948,65990,705553,203473,218751,90976,86417,130173,331860,33950,232940,427854
2006,325,638,2.65,0.83,61,2495926,69742,730248,187162,234927,89326,91604,138253,291984,50716,241737,439969
2006,375,672,2.71,0.84,59.3,2670780,69384,747385,220024,242166,96984,100003,146889,301200,47985,272331,495815
2006,425,672,2.93,1.1,56.3,2925252,74855,797460,240882,249557,98531,122718,141380,377234,74307,296838,526346
2006,475,564,3.02,1.28,54.7,3052548,75520,826376,236473,248489,101829,128510,140772,373343,88920,331967,575870
2006,525,531,3.13,1.39,53.2,3256976,72963,827452,255508,249883,114521,137115,145970,490894,97958,337955,599720
2006,575,437,3.25,1.53,52,3399686,77808,875298,247720,269553,114659,161137,171096,430480,116337,363395,650011
2006,625,458,3.28,1.59,52.1,3578364,81269,909216,222958,270338,122353,162478,154081,513401,145007,386632,691901
2006,675,375,3.46,1.65,51.1,3643630,80218,934739,172214,270718,130422,168254,148735,538403,161835,394041,724269
2006,725,350,3.5,1.69,51.6,3830476,84009,947625,213478,289492,131927,177165,151592,566257,183199,436539,733202
2006,775,282,3.54,1.82,51.1,4112229,82894,993532,187952,292113,128030,192803,168819,569634,205258,446377,927711
2006,850,506,3.54,1.79,51.4,4333863,87147,1021522,201131,293978,143524,208837,161006,565765,291314,488768,958018
2006,950,373,3.62,1.85,51.9,4703523,95546,1078966,264902,309352,166080,232647,175281,585833,307611,520675,1062176
2006,1125,548,3.63,1.95,52.6,5015208,92256,1121559,213423,311910,154275,262039,200893,640630,332847,551145,1226488
2006,1375,216,3.92,2.24,54.6,5783438,96490,1278691,188192,332436,217627,332171,174367,682907,351718,655413,1569918
2006,1500,251,3.69,2.24,55.9,6562303,91884,1361375,256713,362840,229520,418603,254102,719846,386732,780887,1791685
2007,200,212,2.29,0.67,65.7,1471361,55833,488712,155994,183821,51447,41989,74382,144132,13587,109432,207865
2007,225,316,2.63,0.85,61.9,2190844,65503,648986,193078,216706,71624,79455,114439,276389,41696,185165,363307
2007,275,465,2.52,0.78,62.7,2508125,68970,728135,166036,225056,89196,92242,158325,267153,26891,238677,516414
2007,325,638,2.66,0.76,62,2551201,72948,753847,189455,232208,90384,91655,147743,293006,56518,254258,442127
2007,375,661,2.71,0.89,60.7,2844768,71358,776531,244425,238558,99064,103022,155087,327348,51116,276109,573508
2007,425,669,2.89,1.04,57.7,3006863,75095,823102,217208,246884,111194,121123,153527,349955,69636,324214,590020
2007,475,568,3.09,1.37,54.5,3109093,77623,817516,216929,250373,111365,127145,151158,418424,88763,323711,603708
2007,525,510,3.28,1.43,52,3275936,74888,846031,247246,255322,112752,139442,143209,430919,111798,351406,637811
2007,575,465,3.23,1.49,52.7,3388480,77374,886957,206409,254726,109580,149131,147210,437793,126184,394079,676410
2007,625,450,3.33,1.55,50.3,3571634,79992,913571,215111,260067,118596,168681,163315,493770,180793,414584,643146
2007,675,375,3.37,1.61,51.7,3830714,82420,953097,235623,276342,126288,183737,155056,510875,172552,440810,776336
2007,725,362,3.45,1.67,51.7,3801220,83733,949704,223403,268503,117303,177899,135625,516666,190160,427132,794824
2007,775,280,3.52,1.7,50.6,4183922,85570,971329,270813,275239,141829,200614,157671,580488,230200,469220,886519
2007,850,499,3.54,1.82,52,4312823,86077,1030042,241334,285486,146491,213361,172466,571450,286626,490970,874597
2007,950,364,3.54,1.85,52.6,4738843,89391,1070747,206882,294308,154406,243735,192670,648389,306408,562500,1058798
2007,1125,522,3.69,2,53.1,5115416,92918,1156546,222525,305768,166736,278066,182336,692139,324546,576329,1210426
2007,1375,228,3.56,2.05,55.7,5629095,92888,1257454,162504,324768,177877,310967,204244,667892,348278,677261,1497850
2007,1500,247,3.63,2.2,55.8,6488700,96836,1378256,193287,346225,220119,409861,249381,883554,321004,722688,1764325
2008,200,200,2.31,0.72,65.8,1404060,59910,502356,128734,194534,46594,32945,80462,133419,9055,98092,177869
2008,225,332,2.57,0.86,62.9,2178100,68179,678547,149632,238926,78960,70451,121962,260259,35102,198990,345270
2008,275,469,2.58,0.79,63.6,2456633,74495,724253,163201,241279,86596,79458,138652,292636,34726,221090,474742
2008,325,642,2.64,0.8,62,2624864,73208,740295,194765,240895,93920,89925,133755,329209,41063,273337,487700
2008,375,652,2.68,0.9,60.5,2769530,75222,769614,192110,242876,96745,96803,140573,340252,48476,286567,555513
2008,425,673,2.86,1.07,57.6,2971194,76278,797802,226175,251473,100032,113293,146114,398415,54391,314577,568923
2008,475,560,3,1.27,54.9,3182373,80930,840462,239643,261162,112204,120386,156646,408847,95427,341025,606570
2008,525,504,3.26,1.37,53.7,3376780,82507,885424,238238,269292,116289,140928,134806,483000,121681,351336,635787
2008,575,467,3.22,1.54,51.7,3432369,81216,874588,230267,260002,118793,150581,148779,462976,114314,399955,672114
2008,625,451,3.37,1.58,52.2,3552759,85266,936439,191543,283030,125612,164508,151333,468720,157675,417200,656698
2008,675,362,3.39,1.64,50.5,3856446,83668,959668,222502,280522,130447,178034,159543,543077,165980,461871,754802
2008,725,375,3.4,1.63,50.9,3853511,85622,959271,179576,287846,138345,183855,144018,558183,203592,434516,764310
2008,775,296,3.56,1.74,51.2,4080495,90362,1009482,227082,293571,149119,195549,166430,484716,246939,460852,846755
2008,850,476,3.49,1.71,51.2,4399523,91379,1043088,198828,299057,151411,225276,159827,611216,280287,520310,910224
2008,950,385,3.56,1.86,51.5,4738235,91373,1074100,176607,309875,154802,241475,182241,690747,338096,516128,1054165
2008,1125,521,3.61,2.02,53,4991703,95337,1159864,198138,321774,173025,260748,182164,690076,308649,578627,1118640
2008,1375,219,3.71,2.13,54.2,5589038,102613,1256461,245352,324060,187080,293246,195298,697236,333004,684565,1372735
2008,1500,233,3.58,2.18,55.6,6338682,98819,1342268,194619,365568,244943,397020,230648,793425,421429,798624,1550138
2009,200,190,2.34,0.7,65.5,1428187,59841,486404,131242,192655,52211,35032,74727,136562,13384,111845,194125
2009,225,335,2.61,0.93,61.2,2242352,73005,683777,181350,221828,89760,76662,114347,243447,36427,215689,379065
2009,275,482,2.58,0.75,63.7,2261642,73180,707643,160567,230165,88412,73540,122719,245439,26310,217821,389025
2009,325,662,2.6,0.81,61.9,2602682,74988,745340,207269,232445,95168,86098,141015,335243,36115,263297,460692
2009,375,690,2.71,0.86,61,2753900,76326,783658,198272,237271,105434,95569,153726,333348,54999,298949,492674
2009,425,637,2.94,1.13,57.2,2996582,78959,799722,209757,240374,104178,113218,149576,380793,78804,333379,586782
2009,475,578,3.05,1.3,55,3108480,78054,836673,211459,251612,109806,127809,138653,411412,90361,341653,589042
2009,525,543,3.16,1.37,53.1,3283910,79481,856965,212039,254361,112112,135108,156745,444348,124826,378578,608827
2009,575,461,3.17,1.45,52.3,3399895,83701,877898,218824,255819,119669,142493,159749,441859,131139,367675,684770
2009,625,441,3.32,1.52,51.2,3647423,83108,918604,210711,253596,131703,145767,150841,551907,161836,406483,715974
2009,675,360,3.46,1.64,51,3783437,86047,928037,249783,265093,128543,166207,155571,528934,201364,416003,743902
2009,725,331,3.39,1.67,50.2,3909132,86008,950369,191688,271532,145222,178596,154143,613844,209969,440481,753289
2009,775,288,3.37,1.7,51.3,3970638,87772,962084,193457,278795,134572,179931,183714,544249,248611,458267,786958
2009,850,479,3.52,1.77,51.7,4330740,91277,1035374,191918,282457,158235,208914,176708,568285,290780,499970,918098
2009,950,356,3.52,1.88,52.5,4850999,94919,1084749,277776,299949,157536,227864,182233,644822,359059,544054,1072956
2009,1125,540,3.54,1.96,53.3,4820740,96551,1147621,176650,310053,159221,248144,180093,636497,329208,581413,1051840
2009,1375,223,3.59,2.1,53.5,5195333,99233,1211021,206034,307057,181515,293176,201544,647186,298727,611071,1238002
2009,1500,235,3.63,2.14,55.9,6353702,105563,1390909,237047,356406,228096,410871,277672,763602,342309,861800,1484990
2010,200,218,2.4,0.68,64.2,1489738,59951,510251,109084,196062,55387,37995,74226,169990,16420,122910,197413
2010,225,344,2.67,0.94,62.3,2336674,70358,691545,160169,229455,89397,73129,127484,282668,28788,243836,410201
2010,275,485,2.62,0.81,62.7,2452702,72874,718459,211053,234249,94998,78873,129910,294246,40136,239545,411233
2010,325,683,2.65,0.79,61.8,2605712,71750,738045,207629,236674,97579,85338,134273,330931,48602,275689,450955
2010,375,679,2.68,0.83,61.3,2786996,75124,786649,193965,240782,109931,93262,135478,364447,43706,324969,493807
2010,425,685,2.85,1.06,57.9,2972871,74306,795626,219496,245587,109686,106595,154004,405815,62573,344752,528738
2010,475,588,3.01,1.24,56.4,3119380,77250,831786,210977,253550,109273,115898,149432,458214,91036,340581,558633
2010,525,528,3.24,1.44,54.4,3324324,79631,868395,237064,259985,125973,128167,155988,436093,134597,372938,605125
2010,575,484,3.23,1.49,53.2,3409164,80274,858105,264155,259366,115316,131619,147020,496058,125600,384315,627609
2010,625,438,3.32,1.56,51.8,3568747,83306,917595,217344,273865,130458,142054,150968,484286,169620,406955,675601
2010,675,372,3.45,1.72,52,3672677,84015,927553,181279,270411,136528,162434,153841,472872,203326,443291,721142
2010,725,316,3.32,1.7,50.6,3864232,83308,932783,265775,264534,139473,175972,144278,543758,192437,440162,765060
2010,775,269,3.46,1.77,51.5,3952808,82909,985867,191911,278335,140548,184949,157755,572611,189684,474043,777106
2010,850,491,3.43,1.81,51.9,4352216,85403,998748,239100,291867,152659,185563,150790,654618,250612,501721,926536
2010,950,345,3.44,1.81,52.5,4715440,91640,1096220,270985,303169,163956,240510,187672,651099,287711,533238,980880
2010,1125,496,3.61,1.98,53,5074705,89972,1146561,261643,310442,176046,248727,178165,730253,313058,604526,1105286
2010,1375,196,3.49,1.97,54.1,5415061,87955,1160364,198966,315212,205241,301598,187242,615743,319860,735866,1374968
2010,1500,201,3.44,2.07,56,6415969,98895,1401562,225464,358869,235316,427984,252402,702433,304742,852743,1654454
2011,200,241,2.38,0.67,65.8,1435151,56641,493399,128238,196750,51599,36857,73517,152333,13352,104521,184586
2011,225,344,2.65,0.82,62.4,2205697,67052,661245,197142,228285,81383,67631,130736,237676,44131,198530,358938
2011,275,519,2.55,0.76,63.5,2309298,69189,686236,206650,232477,88654,69572,136340,260491,25259,210625,392995
2011,325,705,2.55,0.68,63.7,2583821,74306,760557,181058,236233,104521,84902,142838,293052,33895,277622,469144
2011,375,713,2.74,0.87,62,2827995,75388,783566,244572,250268,106512,96568,152428,333485,46482,277899,536214
2011,425,649,2.93,1.12,58.1,2952113,78228,812178,231705,250261,109469,108312,158788,349696,76599,302849,552254
2011,475,584,3,1.29,55.1,3086696,74144,823176,238044,250112,120193,120767,150522,407533,77287,325675,573388
2011,525,527,3.19,1.42,54,3240517,76315,836701,233568,254144,114298,133859,144917,471162,116360,356734,578775
2011,575,453,3.28,1.52,52.7,3366297,77671,855920,227696,263873,121254,140251,138083,443694,146230,358629,670668
2011,625,421,3.33,1.59,51.4,3423294,79641,886855,228544,266841,117632,140191,132750,466282,169009,361516,653674
2011,675,338,3.45,1.61,50.8,3727992,81032,932878,242930,271209,127053,182562,136625,511248,217040,406739,699707
2011,725,306,3.47,1.61,51,3773599,85746,942632,172336,282374,134110,172961,165437,540574,195952,427738,739484
2011,775,287,3.51,1.73,51.5,3944989,81975,957879,207187,283965,146591,182367,154656,563025,273019,417340,758960
2011,850,441,3.39,1.74,52.5,4260758,88655,1033653,238545,286496,158419,200885,161085,578924,251975,487883,862895
2011,950,322,3.54,1.93,52.2,4538311,87435,1042864,273268,300460,158935,216829,161708,637260,289803,495295,961889
2011,1125,421,3.51,1.95,55,5001346,94347,1131154,289934,307328,181481,253910,192682,670773,303884,568580,1101619
2011,1375,194,3.69,2.07,55.2,5264031,92436,1182498,269355,316403,185816,291316,195526,601567,352592,662159,1206799
2011,1500,211,3.5,2.07,57,6289833,93979,1349988,238292,366503,237406,376363,299107,842415,291687,743040,1545032
2012,200,233,2.43,0.7,66.8,1584492,60429,521358,140685,209099,60448,40931,94519,183263,7935,122593,203661
2012,225,376,2.55,0.81,64.1,2370674,69066,683440,223267,237575,86205,76724,126288,293036,47895,205821,390421
2012,275,516,2.54,0.74,65.2,2349667,70735,689823,172038,238455,87268,74888,124287,308722,29991,213093,411100
2012,325,736,2.57,0.72,64.6,2621652,73361,759611,183197,248245,100700,83866,140430,339994,37647,259852,468111
2012,375,713,2.66,0.86,62.9,2771412,75201,786257,182954,257206,108953,97424,161322,348180,51323,284201,493591
2012,425,697,2.9,1.07,59.3,2962785,76854,810441,225400,264333,105487,104802,140886,402678,73720,292529,542511
2012,475,578,3.07,1.29,55.9,3144094,78001,837573,217732,263579,114988,123873,164043,419009,85561,322691,595045
2012,525,543,3.19,1.41,53.3,3311553,79307,860945,251360,269044,121105,133928,142704,472722,120637,344057,595051
2012,575,455,3.26,1.55,53.6,3452188,79606,876945,254985,273409,126992,139437,147686,480560,130074,373553,648549
2012,625,425,3.36,1.63,52.3,3532856,79623,889813,233499,278150,122665,147131,133717,577276,164970,363226,622409
2012,675,356,3.42,1.66,52.9,3868939,82037,932739,221300,285513,152664,178231,156398,560822,176536,411892,792844
2012,725,321,3.44,1.66,51.6,3911773,82544,954413,241970,291661,134072,182093,146558,600226,215624,425181,719976
2012,775,263,3.45,1.73,51.8,3937399,85298,967550,199160,296059,138375,171056,150724,587737,269779,420470,736490
2012,850,436,3.43,1.76,52.8,4265087,89921,1020450,232321,296064,145534,202493,171124,661199,268422,457791,809688
2012,950,312,3.56,1.83,52.3,4425912,89961,1048561,153566,303670,160199,219475,171543,659404,286979,477936,944579
2012,1125,437,3.5,1.93,54,4878898,88476,1109226,258199,312399,190539,251918,202110,683024,284626,550994,1035863
2012,1375,193,3.51,2.15,56.3,5570048,91853,1243845,369026,343387,175645,299787,229362,770611,278224,580005,1280157
2012,1500,200,3.49,2.03,58.3,6531337,94153,1383573,255946,368117,234029,396288,242925,953479,398034,819357,1479590
2013,200,218,2.35,0.71,67.5,1507941,59629,497083,134625,217722,64821,36474,76213,151098,24327,105481,200096
2013,225,349,2.56,0.77,64.1,2359417,68658,705398,190112,243590,87864,79785,128300,285349,50888,207626,380506
2013,275,546,2.57,0.74,66.2,2497659,70854,743236,213751,249538,96386,71072,139856,322583,23013,220153,418070
2013,325,727,2.55,0.69,65.9,2617267,71826,767712,196749,254770,100289,81212,142464,325026,24182,258821,466043
2013,375,711,2.65,0.88,63.4,2860602,75504,802328,202340,255921,110159,97925,141383,372180,40925,278602,558842
2013,425,658,2.85,1.07,59.9,3046342,76549,830329,215823,267714,115291,109760,155229,436959,57968,313963,543305
2013,475,574,3.01,1.27,57,3216663,73542,860975,246992,270719,134749,126119,149125,455568,88914,329926,553576
2013,525,540,3.09,1.45,55.2,3214924,75400,850518,213507,274005,118401,127530,150728,492804,104412,335047,547971
2013,575,442,3.21,1.51,53.7,3376251,76379,855554,227153,272620,117897,138514,146367,508529,131115,350757,627746
2013,625,422,3.37,1.62,52.4,3448889,79717,900665,229242,286590,123421,155766,142857,485173,129455,355680,640039
2013,675,353,3.35,1.66,52.5,3818403,76780,949462,249395,290179,133319,170922,141653,588684,150706,415508,728575
2013,725,326,3.42,1.75,51.9,3816738,83395,961987,192460,302335,135753,163237,147370,548360,221856,409209,734170
2013,775,291,3.38,1.78,52.6,4173084,84638,979732,240953,303345,141541,187026,160085,673452,230584,461222,795144
2013,850,460,3.38,1.73,53,4243465,88526,1029831,260820,297804,153668,198584,159093,622302,251813,431373,838177
2013,950,321,3.61,1.93,52.1,4485414,85348,1077125,208917,304773,155401,213387,169466,655777,319577,496663,884329
2013,1125,439,3.62,1.97,52.8,5072077,90513,1145889,215170,322323,156765,270388,208499,767931,368937,554390,1061786
2013,1375,190,3.56,2,53.5,5692273,92556,1245143,229564,325861,201237,331724,221772,893996,323394,635964,1283618
2013,1500,218,3.48,2.01,57.4,6420462,87722,1352565,279743,365964,243063,434900,233812,939543,369730,847158,1353985
2014,200,224,2.33,0.68,68.1,1506258,54185,522587,141123,219907,57415,31481,71309,149591,7144,114496,191205
2014,225,362,2.53,0.82,64.4,2224631,68242,688315,200062,248495,85312,72732,104381,257082,26834,194440,346979
2014,275,549,2.53,0.68,67,2382866,69189,742608,161691,253056,94259,69855,137151,285643,27659,228789,382155
2014,325,706,2.59,0.69,65.8,2665856,71478,778978,184703,262072,112781,89086,144998,338843,26928,266239,461228
2014,375,731,2.66,0.83,63.8,2836773,71963,810950,218667,267558,110326,97553,153174,358519,35238,284992,499796
2014,425,646,2.88,1.13,59.8,3005375,73456,823873,259779,276504,112552,110561,144244,414280,61624,298420,503539
2014,475,559,3,1.29,57.7,3159688,73799,865023,175216,281470,126197,128254,151215,469961,87499,316190,558662
2014,525,548,3.16,1.44,55.6,3255834,74103,873387,204121,285434,125443,130849,141855,463150,96516,353105,581974
2014,575,450,3.26,1.55,52.9,3341359,76837,889398,203667,282193,125046,137872,145995,486919,129249,351468,589553
2014,625,407,3.29,1.58,52.3,3579471,76956,916093,230662,285437,134483,166937,161444,586459,142812,367012,588133
2014,675,381,3.3,1.63,52.4,3793599,80368,967585,239089,295328,132840,164808,160252,593011,165756,397565,677365
2014,725,316,3.35,1.62,52.7,3891698,82533,999823,204095,306893,133705,176163,145789,594438,197240,432367,701185
2014,775,301,3.36,1.66,53,4306812,84607,1027957,247305,304025,152783,188217,155107,709979,257146,490382,773912
2014,850,459,3.45,1.78,52.7,4399105,84685,1050195,199329,313220,155399,211629,180042,732420,261518,452503,842849
2014,950,310,3.48,1.88,52.9,4480403,83747,1108597,209598,308407,160466,229135,181963,689438,253031,487225,852543
2014,1125,435,3.49,1.9,54.6,4981806,89454,1176319,271268,329419,186825,257437,198539,717204,315691,542246,986856
2014,1375,205,3.44,1.98,55.4,5801977,91836,1245245,291386,328012,232673,315399,212882,923221,350928,678316,1223914
2014,1500,184,3.28,1.87,57.1,6884583,90924,1512215,288040,366685,250689,506757,248615,915238,287551,840776,1668018
2015,200,230,2.33,0.72,67.6,1517314,56329,532952,146445,205544,57557,36357,77367,159662,11593,103281,186558
2015,225,353,2.53,0.83,66,2343379,67280,729287,172977,244375,96016,68114,120933,276242,32797,219980,382659
2015,275,554,2.49,0.68,67.5,2443074,68713,753295,187051,256557,86724,70779,137944,304167,23029,226357,397170
2015,325,738,2.5,0.68,66.9,2598036,70482,807503,171160,254206,106145,76925,144291,300190,23603,260561,453451
2015,375,716,2.67,0.88,64.4,2884138,74458,860734,203074,267757,118686,95099,156106,364561,42274,280834,495013
2015,425,664,2.84,1.15,61.1,2966533,74555,854525,230240,260624,101479,108459,144771,413185,51447,285942,515861
2015,475,535,2.98,1.34,58.2,3196192,73417,885756,220618,270499,127976,120589,147759,461968,89121,327645,544260
2015,525,514,3.13,1.52,55.6,3257577,72774,894686,222480,276272,123998,127430,144770,483894,109332,337518,537196
2015,575,431,3.17,1.58,55.9,3291300,74804,925764,193913,276953,122243,131054,156821,475965,111816,339161,557610
2015,625,423,3.28,1.6,53.5,3617032,76499,950494,267765,280754,121724,153735,156764,551798,156397,373710,603892
2015,675,363,3.28,1.68,52.8,3755811,76768,972381,255914,287949,122994,160394,141956,610059,155037,368798,680328
2015,725,332,3.53,1.78,52.3,3895483,81365,998168,285482,283836,123941,155301,138858,615840,231142,423144,639770
2015,775,277,3.36,1.71,52.6,4124157,84541,1031149,257287,292838,146808,186496,158929,677375,234724,466608,671941
2015,850,477,3.38,1.76,52.7,4190450,86927,1075529,213029,297663,153841,197941,153188,640485,233178,438420,787177
2015,950,329,3.42,1.88,53.5,4433795,85444,1129601,177119,313880,168570,224603,192326,626841,258048,474827,867978
2015,1125,452,3.47,1.93,54,4902126,88337,1190361,210912,313128,183999,247972,187781,694821,332198,534596,1006356
2015,1375,186,3.49,2.01,54.6,5599381,92232,1366047,204359,343853,218845,349356,212864,774662,366814,656307,1106273
2015,1500,198,3.52,2.07,57.5,6285025,89459,1448571,320508,367871,254140,422562,220832,780891,325922,790075,1353653
2016,200,229,2.3,0.66,68.2,1512650,56114,537480,131499,188560,60245,36910,73212,158976,15445,118432,191890
2016,225,372,2.51,0.74,67.2,2258447,67330,743249,153389,226258,85778,70914,120821,257018,27366,216362,357290
2016,275,550,2.42,0.6,69.1,2315167,71936,765771,150715,231784,96431,63971,128501,271029,20939,220658,365369
2016,325,765,2.49,0.68,67.8,2569457,73319,822412,169462,236981,97588,76816,145167,312065,19814,246383,442769
2016,375,691,2.62,0.83,66,2743728,75019,867960,198424,247804,104806,89268,152291,318732,31362,278672,454409
2016,425,619,2.78,1.16,61,2951141,72822,876738,223769,237106,120479,103765,143428,381506,48429,291849,524072
2016,475,557,2.98,1.34,58,3074673,75391,907173,206574,245118,118696,115427,155543,438507,80220,297564,509851
2016,525,504,3.11,1.43,56.3,3160723,75285,924660,179436,249496,113760,118698,136174,487040,98887,330354,522218
2016,575,440,3.24,1.65,54.5,3354395,77398,915382,237653,261828,121533,128255,159688,503846,134815,340537,550858
2016,625,409,3.3,1.62,53.1,3502145,78120,974167,208412,249726,131587,151935,154218,499338,162732,378807,591224
2016,675,345,3.35,1.75,52.9,3611665,78855,989214,269810,262525,124626,156819,160300,520316,152667,381184,594203
2016,725,339,3.38,1.73,52.2,3812397,78959,1014813,196980,265428,137319,153980,193142,602692,192660,389472,665912
2016,775,288,3.39,1.73,53.2,3915948,81850,1036877,166666,265505,150057,176996,154732,609992,214215,444142,696766
2016,850,460,3.39,1.81,52.7,4175652,82317,1061942,196787,271688,154607,185258,148358,614834,275361,439697,827119
2016,950,316,3.39,1.89,53.6,4467928,82024,1107193,226078,282157,185758,214823,171433,622797,297304,482730,877656
2016,1125,440,3.47,1.99,53.6,4953666,87633,1193481,222843,293548,184527,237565,206050,731694,364421,560024,959514
2016,1375,172,3.48,2.03,55.1,5496155,89840,1307586,248607,285919,181796,266046,213647,826287,398833,631794,1135641
2016,1500,214,3.36,2.1,57.1,6584156,94681,1550430,262313,327510,235172,425314,258607,904753,376836,818910,1424311
2017,200,274,2.26,0.47,71.4,1680553,58008,614301,102618,213087,67794,38949,90920,169259,15314,130314,237997
2017,225,361,2.44,0.74,68.5,2284229,66608,732372,146234,227312,87134,62212,127673,325014,30307,206170,339802
2017,275,566,2.42,0.56,69.7,2403960,70330,790242,162547,234632,96116,70210,137049,309803,11816,216724,374822
2017,325,716,2.54,0.68,68.4,2602405,72521,830524,170180,245417,103847,78716,142119,311101,18908,261277,440319
2017,375,696,2.6,0.85,66.3,2819675,74606,870940,195364,248042,116400,89494,158504,363864,38651,274341,464074
2017,425,593,2.81,1.1,61.5,2986088,74543,888952,202848,253240,118957,104611,155204,426373,47456,296588,491861
2017,475,555,2.93,1.28,59,3009019,75160,900447,190046,253279,113391,110856,148345,410434,61396,307530,513295
2017,525,492,3.04,1.41,56,3134797,75172,882093,235318,253593,108865,116472,137071,448302,93195,330908,528979
2017,575,442,3.1,1.55,55,3303672,75521,931775,172491,254288,137356,135182,143333,469724,104789,344205,610529
2017,625,413,3.29,1.66,52.8,3458917,76876,955059,208530,257767,126139,139110,143218,538790,133556,336978,619771
2017,675,340,3.29,1.68,52.9,3585467,79339,986814,191087,263246,137676,159103,145820,543258,151110,389948,617405
2017,725,336,3.39,1.76,52.9,3824430,84381,1031881,235211,275203,138592,163152,157882,589180,172370,370807,690153
2017,775,295,3.28,1.76,53.8,3796248,81295,1026134,174662,265771,130940,171008,154323,574649,175776,433214,689770
2017,850,475,3.42,1.83,52.9,4312180,80293,1082436,198546,277785,159056,197323,172907,651027,287405,469036,816659
2017,950,333,3.45,1.85,53,4591386,83592,1128653,241940,285186,155183,206684,191799,694065,361576,465122,861178
2017,1125,442,3.48,1.98,53.3,4886965,86281,1162174,287466,284841,184999,241163,188622,677064,343166,536294,981176
2017,1375,178,3.37,2.01,54.2,5332152,85427,1236488,185821,284679,199885,285852,213307,779909,362884,669492,1113836
2017,1500,201,3.45,2.08,57.9,6482108,89782,1484752,312749,335817,282560,382256,267726,882721,455524,763092,1314913
2018,200,276,2.27,0.52,71.3,1842920,61824,651420,136192,218229,73332,44137,108369,187091,13920,149983,260248
2018,225,383,2.44,0.73,68.4,2225373,67352,718944,153127,228144,98092,65690,117380,284504,22403,184789,352300
2018,275,591,2.38,0.57,69.7,2401662,70137,776124,159531,245701,97403,61779,141377,315964,15882,220427,367475
2018,325,693,2.48,0.64,69,2671510,72848,823451,189908,253722,102255,79881,158652,360979,23550,259655,419456
2018,375,658,2.55,0.9,66.3,2934968,73662,876396,208604,251736,114103,93566,163243,388629,29519,286414,522759
2018,425,586,2.76,1.14,61.5,3042490,73381,890483,192291,260214,117359,100613,160021,434483,58717,309620,518690
2018,475,528,2.95,1.3,58.4,3165942,75014,914629,249937,259667,128707,113281,150799,454294,89989,297806,506833
2018,525,480,3.08,1.46,56,3251317,76404,914768,216803,250724,126406,114522,143006,535664,102929,333845,512649
2018,575,425,3.21,1.6,53.5,3398261,79784,935291,226665,266164,135274,125841,141613,533403,133412,328015,572583
2018,625,416,3.22,1.65,53.4,3440776,78113,966630,199243,268597,137501,141743,151588,518437,118588,351209,587239
2018,675,344,3.28,1.74,51.9,3756046,82587,972388,247303,267110,132175,152193,159964,655429,200769,360023,608692
2018,725,334,3.3,1.71,52.6,3883254,83034,1040670,231925,277376,154161,163510,148538,627699,200375,402411,636589
2018,775,278,3.33,1.81,52.8,3841205,82470,999045,203738,268315,147404,170225,161677,585167,219163,388165,698306
2018,850,467,3.45,1.88,52.1,4155140,86573,1058747,193249,277922,156950,180108,156833,691609,256080,418844,764799
2018,950,331,3.4,1.94,52.4,4381645,81289,1111878,195606,276006,180001,200331,179446,653783,298428,456865,829300
2018,1125,467,3.51,1.99,53.6,4919367,86897,1218281,192855,299764,180275,241467,199100,690682,389262,530689,976991
2018,1375,189,3.51,2.13,54.7,5463721,87185,1261130,240629,309713,179731,284750,237470,893317,353910,603537,1099537
2018,1500,193,3.48,2.1,56,6160708,90219,1474028,251796,329858,231412,378068,271542,747682,412806,806332,1257184
2019,200,273,2.23,0.51,70.1,1778616,60726,622578,102434,203599,66402,43759,108732,226389,10815,136358,257549
2019,225,329,2.4,0.7,68.7,2189323,65443,721282,164816,237295,91235,57156,128630,266848,25027,178428,318605
2019,275,584,2.4,0.61,70.1,2355724,72447,774144,156744,236270,99056,63652,149316,289966,15963,208430,362183
2019,325,729,2.44,0.65,69.9,2675562,72392,848359,194767,247781,112828,75549,155869,339629,13312,244353,443115
2019,375,629,2.58,0.86,67.1,2887785,75202,884862,172756,253895,123837,85851,171878,367538,33067,276888,517213
2019,425,550,2.81,1.12,62.1,3114883,77142,902608,231353,258678,127536,103675,175471,414261,63112,306618,531570
2019,475,528,2.95,1.3,58.2,3302436,76297,914980,274926,262106,134672,107322,181550,473230,73518,319220,560913
2019,525,471,3.07,1.47,56.3,3371899,80554,941786,217468,267709,141989,120214,157116,490540,96471,360043,578562
2019,575,422,3.17,1.62,54,3472631,80613,956770,188587,267337,130806,123402,142968,579732,128315,374566,580148
2019,625,401,3.19,1.61,54.1,3478915,80856,989180,184835,260390,150834,146991,162880,533487,135407,360148,554762
2019,675,339,3.31,1.71,52.7,3884062,78906,992566,261385,267392,139461,150836,161626,660891,181927,417317,650661
2019,725,336,3.27,1.73,52.3,3822434,81884,1014146,191104,277086,157289,158411,159269,652769,166408,412117,633837
2019,775,280,3.3,1.72,52.2,3799421,81489,1012252,189182,266175,153352,160835,150658,614517,224931,403126,624393
2019,850,477,3.34,1.84,51.6,4254390,84960,1086337,168245,278029,170711,194054,173974,719601,249930,444370,769140
2019,950,329,3.49,1.93,51.8,4572449,84217,1119235,233758,284770,170685,195257,172501,763839,318503,487714,826186
2019,1125,465,3.45,1.97,53.1,5083273,86029,1196388,253391,284287,189452,231481,221675,804317,318987,615100,968194
2019,1375,190,3.47,2.02,53.9,5445646,87255,1269114,266609,305416,192620,265038,204285,887002,440280,613631,1001651
2019,1500,190,3.45,2.1,56.3,6745285,95272,1581810,273437,333978,259803,392309,276290,887202,424586,914798,1401073
2020,200,277,2.26,0.58,69.7,1827182,62027,613149,189288,206624,73475,37119,104817,188960,20392,138724,254634
2020,225,354,2.43,0.7,69.6,2164429,68421,717721,161900,228004,104821,51021,136310,250903,26687,172925,314136
2020,275,575,2.37,0.57,70.8,2271522,71395,767719,154800,234549,107037,48451,143821,274404,21168,179376,340197
2020,325,687,2.41,0.58,71.1,2579172,76004,827207,162703,245837,117632,61562,160399,339107,14931,218710,431085
2020,375,607,2.51,0.87,68.1,2788354,77249,852112,209354,250459,124005,69246,170067,410941,25787,233596,442789
2020,425,536,2.81,1.14,62.2,2967282,82355,904952,195255,263849,146057,85027,175481,400133,50304,255813,490411
2020,475,518,2.84,1.3,59.8,3030509,78339,904819,252995,258445,136390,84808,170208,411429,55778,254217,501420
2020,525,468,3.08,1.47,56.3,3153623,82159,956286,227076,261665,135751,100556,160094,479018,80994,261815,490367
2020,575,401,3.14,1.56,55.7,3338007,86101,978797,215967,275995,158053,107166,167739,480929,108292,294124,550946
2020,625,396,3.15,1.58,54,3408485,82277,975946,178561,270511,150150,115004,166137,556208,112498,305226,578245
2020,675,362,3.25,1.69,53.2,3670643,83601,1009806,219218,259565,167187,124879,195223,570996,155206,331673,636890
2020,725,341,3.31,1.72,51.5,3669299,84787,1025961,192140,263650,164399,128683,158970,580183,157380,352120,645814
2020,775,276,3.26,1.81,53.2,3650101,84606,1001666,224704,261875,151009,116940,164564,586648,155753,334293,652649
2020,850,452,3.36,1.83,51.8,3851170,86962,1044333,181022,269484,171465,150562,183799,614607,191135,367965,676798
2020,950,355,3.4,1.89,52.4,4281972,95972,1134332,216745,282543,187231,151555,171479,666594,308330,391006,772158
2020,1125,490,3.49,1.97,52.4,4597165,93125,1195068,269918,286939,233157,186026,200204,694485,289537,445519,796311
2020,1375,205,3.47,2,53.2,5101226,91224,1319926,274068,290441,226805,217872,239878,678844,411333,519287,922772
2020,1500,206,3.41,1.98,56,5760127,99165,1476909,303880,341340,267608,300467,260930,693747,373658,608724,1132862
2021,200,268,2.29,0.57,70.8,1811194,58843,631959,140847,208485,82256,55031,100442,193690,19169,137460,241855
2021,225,335,2.43,0.68,69.4,2152127,66693,721076,151035,233251,88398,47351,146774,259183,23115,164304,317640
2021,275,534,2.38,0.54,70.9,2312703,68218,764814,165257,234893,110365,49229,141454,288101,27032,186722,344835
2021,325,653,2.4,0.64,70.7,2553363,72173,815737,174379,242859,117259,65382,164481,326716,24712,210554,411285
2021,375,635,2.54,0.79,67.8,2785902,74181,862719,218269,242433,125562,70655,166737,372428,30933,242272,453896
2021,425,562,2.71,1.08,63.6,2955230,77643,911625,225826,260971,142186,80209,177435,375273,36254,254973,490477
2021,475,498,2.85,1.32,60.4,3000096,75154,896860,208379,253265,130375,83632,153029,460752,63121,265431,485252
2021,525,478,3,1.42,57.6,3108396,80046,907183,208048,260242,138633,100554,151758,477011,91829,278553,494584
2021,575,420,3.18,1.57,56,3237303,83821,929943,201463,260555,138412,104232,149779,535974,126773,294999,495174
2021,625,395,3.18,1.66,52.8,3361387,78310,974518,287585,259638,149737,112686,152020,466693,136588,306475,515447
2021,675,364,3.25,1.79,54.3,3463360,83441,993326,184232,270144,165122,116429,165780,486538,176537,331048,574205
2021,725,325,3.26,1.75,51.8,3554921,80090,1006239,192842,251955,150851,126542,170700,528826,177124,325034,624808
2021,775,276,3.3,1.79,52.5,3779503,82574,1025369,240218,266168,153409,127587,170668,594217,184263,368565,649040
2021,850,482,3.35,1.8,52.1,4079796,83321,1042937,227123,274987,166775,143351,183340,656216,269596,364407,751065
2021,950,338,3.44,1.87,52.5,4422565,90441,1127985,239628,286630,189260,160546,203477,657855,314887,402915,839382
2021,1125,466,3.37,1.93,53,4693613,87538,1189993,300382,284420,190223,180638,210126,680075,340759,438983,878014
2021,1375,192,3.38,2.13,53.8,5338973,90611,1301400,279021,271442,196570,214887,254988,856474,406022,507897,1050273
2021,1500,205,3.4,2.1,55.9,6175521,94074,1470349,405588,312873,249607,289235,304383,728002,567812,691299,1156372
2022,200,239,2.23,0.46,70.8,1934044,59523,658198,187289,243438,73370,40630,113605,198566,16332,137039,265577
2022,225,343,2.34,0.6,70.5,2247546,67595,738866,208556,259089,96091,50446,132089,242567,18064,180735,321044
2022,275,544,2.35,0.51,71.9,2362931,71433,783731,175533,263693,106423,52866,136273,263523,16093,195758,369038
2022,325,685,2.35,0.56,71.8,2685706,74099,851904,211144,274382,115296,61142,173868,332274,10310,227388,427998
2022,375,600,2.46,0.79,68.5,2839013,74798,894388,232758,286244,120762,70296,161127,342855,26515,262789,441280
2022,425,525,2.7,1.04,64.4,3060953,75461,931977,214545,291230,124036,83792,192545,431090,34900,283514,473324
2022,475,455,2.85,1.24,60.7,3146062,80202,949869,221489,283824,133339,88789,171069,468652,57995,273897,497139
2022,525,452,2.97,1.42,56.9,3217001,74816,926838,229829,294629,147034,97348,157247,457267,88410,295319,523079
2022,575,400,3.09,1.54,55.6,3236984,78491,940502,182199,289590,155489,99455,160676,496020,105912,306503,500640
2022,625,410,3.16,1.66,54.4,3417357,78658,969471,197568,298204,141827,112239,158819,516265,154097,324193,544672
2022,675,351,3.19,1.77,53.8,3575856,79500,984445,214521,303091,158563,122957,161483,598111,161766,326598,544321
2022,725,329,3.25,1.82,52.7,3647467,80674,1029117,265178,304040,161193,115919,167533,506566,164963,360123,572834
2022,775,296,3.41,1.9,52.6,3677873,81011,1049695,194803,305605,167322,131004,195759,506398,187146,352284,587857
2022,850,487,3.39,1.85,51.5,4175076,87744,1104913,247930,310313,178622,153589,191045,632117,231193,414003,711351
2022,950,348,3.27,1.89,51.9,4614962,84844,1135715,261839,312940,177030,177324,209055,751844,276480,447382,865353
2022,1125,483,3.38,1.97,52.8,5065447,86470,1232040,258264,325876,205032,195009,231233,833644,341223,508908,934218
2022,1375,203,3.36,2.01,53.3,5405711,84033,1299090,256498,321058,211898,233296,225188,775173,440588,599039,1043884
2022,1500,192,3.28,2.01,55.3,6454770,87575,1486718,300730,360504,280876,314297,290025,867137,503319,745609,1305555
2023,200,221,2.23,0.47,72.5,1859927,63300,667968,131162,234025,73821,32750,101980,239223,13356,141239,224401
2023,225,326,2.34,0.66,70.4,2368837,71488,783910,172417,263989,97375,57316,131987,297900,17090,202033,344820
2023,275,519,2.29,0.5,72.5,2419622,72133,835490,166692,253812,97413,49617,147245,280647,13690,212542,362475
2023,325,670,2.31,0.5,71.9,2716505,77883,907934,163100,266018,119078,58692,177543,331522,19824,252154,420639
2023,375,579,2.48,0.77,69.3,2955214,76066,935620,242290,280656,114831,75401,164957,384810,15896,276273,464479
2023,425,502,2.61,1.05,65.4,3128186,79569,987439,198774,285252,137250,83334,181466,438177,35084,312656,468756
2023,475,469,2.82,1.3,60.7,3206739,77664,996044,241341,291431,145605,92750,164828,430709,63616,314783,465634
2023,525,441,3.02,1.49,57.2,3274706,78362,986446,222271,284789,137537,93545,160500,507869,61484,303024,517240
2023,575,395,3.14,1.62,55,3446554,80775,1007297,226604,283340,144351,107102,150402,579003,117259,332430,498766
2023,625,425,3.16,1.7,54.2,3514333,81959,1037752,211969,276354,144198,113334,175378,569399,106404,338677,540868
2023,675,372,3.19,1.7,53.2,3580493,83405,1050611,202960,290033,147047,124765,185998,520273,149747,381386,527673
2023,725,335,3.28,1.71,53.1,3817794,83364,1076898,238098,301951,170743,133878,180847,612259,162074,372407,568639
2023,775,294,3.33,1.79,51.7,3832548,86133,1106811,174365,288882,170348,139362,175434,603352,193809,401266,578919
2023,850,494,3.31,1.85,53,4212905,86734,1142157,254699,302064,180363,155179,189600,640334,228315,449704,670490
2023,950,353,3.33,1.91,52.2,4393273,89084,1223386,221943,299865,223166,164553,191458,643673,242978,467755,714497
2023,1125,484,3.37,1.94,52,4813136,86350,1263971,245591,312831,193940,198462,219093,760233,302261,527343,789410
2023,1375,194,3.28,2.04,53.1,5512089,88772,1400386,324326,317516,191595,232120,227815,999763,351677,603780,863111
2023,1500,188,3.27,2.12,54.5,6548244,95246,1641103,307158,348931,236890,337522,273796,786623,502538,849183,1264499
2024,200,234,2.2,0.48,72.2,2060921,72545,708406,222826,230613,81237,40369,141693,219275,16611,156462,243428
2024,225,304,2.25,0.57,71.9,2225461,78177,788013,135452,250428,107026,52042,138733,249621,12827,184260,307058
2024,275,513,2.29,0.46,72.5,2477360,80225,856077,150879,258992,107348,52423,155032,318537,9242,218403,350427
2024,325,658,2.36,0.53,72.2,2752562,85702,938985,162350,267093,134515,66318,182879,317853,23613,257436,401520
2024,375,533,2.43,0.75,70.3,3015078,87506,993031,183369,284326,141473,72985,186471,366181,25693,307037,454511
2024,425,493,2.56,0.97,66.4,3136600,87817,1026518,211896,284948,143559,89734,197254,380488,32747,297376,472080
2024,475,462,2.75,1.23,62.2,3321271,87908,1034618,213756,275787,157734,93681,171971,494287,37324,319073,523040
2024,525,444,2.86,1.38,59,3378548,88394,1052399,238399,277731,146778,98036,175061,495791,68347,344562,481445
2024,575,395,2.95,1.57,56.8,3361688,85592,1028919,211780,268857,140365,117685,162570,520442,70494,341395,499183
2024,625,400,3.13,1.66,54.3,3521970,89493,1074956,210136,276328,146198,114245,175949,546641,123605,347163,506749
2024,675,358,3.14,1.67,54.2,3658256,87503,1065649,219255,272223,171354,122190,179122,551699,147660,346897,582205
2024,725,323,3.27,1.77,52.4,3793878,88056,1074332,253576,274368,156265,133674,180553,614961,195427,353108,557612
2024,775,312,3.31,1.84,52,4010771,91102,1158838,231949,291918,176941,144303,177220,552534,177710,423355,676003
2024,850,507,3.27,1.85,50.7,4077369,92356,1169781,238416,279578,165779,149577,180706,578223,230646,412265,672398
2024,950,351,3.39,1.94,52.3,4363323,97013,1244409,236056,282717,164034,170513,207082,638228,300361,453954,665970
2024,1125,530,3.42,2.03,51.8,4824141,98658,1301849,246101,292666,190013,193603,200318,689781,367372,507108,835329
2024,1375,208,3.41,1.98,51.7,5867893,103800,1449661,344359,294950,235687,265679,244782,826723,485639,648034,1072379
2024,1500,212,3.35,2.06,55,6581618,102054,1656350,324690,327857,229619,298177,290428,901386,462997,833857,1256258
