"xTime","mon","M","px1","px2","px3","px4","px5","px6","p1","p2","p3","p4","p5","p6","TDmy1","TDmy2","TDmy3","BSEDmy","BflDmy","GyzDmy","McDDmy","tBSE","tBfl","tGyz","tMcD","weight","members","workers","age"
1987,1987.01,6828,2452,1933,1020,144,285,993,58.2,66,78.1,92.1,67,92.1,0,0,0,0,0,0,0,0,0,0,0,7941,3.71,1.57,47.8
1987.08333333333,1987.02,7280,2537,2038,1061,166,277,1201,58.2,65.9,77.7,92,66.8,92,0,0,0,0,0,0,0,0,0,0,0,7970,3.7,1.57,47.9
1987.16666666667,1987.03,7835,2746,2140,1104,171,268,1406,58.1,65.9,77.2,91.9,66.7,91.9,0,0,0,0,0,0,0,0,0,0,0,7990,3.7,1.59,48
1987.25,1987.04,7583,2573,2074,1073,172,256,1434,58.1,65.7,76.2,91.5,66.4,91.5,0,0,0,0,0,0,0,0,0,0,0,8003,3.68,1.6,48
1987.33333333333,1987.05,7784,2650,2112,1071,176,258,1518,58.2,65.8,75.9,91.4,66.4,91.4,0,0,0,0,0,0,0,0,0,0,0,8010,3.68,1.62,48.1
1987.41666666667,1987.06,7459,2464,2026,1005,173,257,1533,58.2,65.9,75.7,91.5,66.1,91.5,0,0,0,0,0,0,0,0,0,0,0,8010,3.67,1.63,48
1987.5,1987.07,7685,2573,2018,966,167,252,1710,58.2,66.1,75.1,91.5,66,91.5,0,0,0,0,0,0,0,0,0,0,0,8000,3.66,1.64,48.2
1987.58333333333,1987.08,7767,2803,2055,946,156,251,1557,58.3,65.9,74.7,91.3,66,91.3,0,0,0,0,0,0,0,0,0,0,0,7976,3.66,1.63,48.2
1987.66666666667,1987.09,7700,2618,2099,1077,182,257,1467,58.2,66,74.9,91.5,65.9,91.5,0,0,0,0,0,0,0,0,0,0,0,8000,3.65,1.64,48
1987.75,1987.1,7967,2807,2154,1141,166,258,1441,58.4,65.9,74.9,91.4,65.9,91.4,0,0,0,0,0,0,0,0,0,0,0,7996,3.66,1.63,47.9
1987.83333333333,1987.11,7722,2750,2107,1110,158,262,1335,58.5,65.7,74.7,91.5,65.7,91.5,0,0,0,0,0,0,0,0,0,0,0,7993,3.63,1.62,48.1
1987.91666666667,1987.12,11348,4205,2245,1464,144,325,2964,58.9,65.5,74.6,91.4,65.7,91.4,0,0,0,0,0,0,0,0,0,0,0,8021,3.63,1.6,48.3
1988,1988.01,6811,2659,1813,929,155,242,1013,58.9,65.3,74.5,91.5,65.7,91.5,0,0,0,0,0,0,0,0,0,0,0,7946,3.65,1.59,48
1988.08333333333,1988.02,7417,2743,1982,1028,172,275,1216,58.9,65.3,74.5,91.4,65.7,91.4,0,0,0,0,0,0,0,0,0,0,0,7990,3.64,1.59,48
1988.16666666667,1988.03,7716,2962,1996,1035,177,247,1299,58.8,65.1,74,91.3,65.5,91.3,0,0,0,0,0,0,0,0,0,0,0,7987,3.62,1.59,48.3
1988.25,1988.04,7481,2747,1937,1017,170,219,1390,58.8,65.1,73.8,91.1,65.5,91.1,0,0,0,0,0,0,0,0,0,0,0,7986,3.62,1.61,48.4
1988.33333333333,1988.05,7636,2764,2003,999,180,223,1467,58.9,65.2,73.5,91,65.5,91,0,0,0,0,0,0,0,0,0,0,0,8001,3.63,1.62,48.3
1988.41666666667,1988.06,7398,2644,1944,969,174,209,1459,58.8,65.3,73.5,91,65.5,91,0,0,0,0,0,0,0,0,0,0,0,7993,3.61,1.63,48.4
1988.5,1988.07,7694,2726,1983,922,171,221,1671,58.8,65.7,73.5,91,65.5,91,0,0,0,0,0,0,0,0,0,0,0,7992,3.62,1.62,48.4
1988.58333333333,1988.08,7518,2766,1940,894,163,233,1521,58.7,65.7,73.4,90.9,65.5,90.9,0,0,0,0,0,0,0,0,0,0,0,7979,3.63,1.62,48.5
1988.66666666667,1988.09,7380,2575,2000,1002,177,223,1402,58.9,65.7,73.2,90.9,65.6,90.9,0,0,0,0,0,0,0,0,0,0,0,7987,3.64,1.62,48.4
1988.75,1988.1,7679,2706,2119,1076,165,232,1382,58.9,65.6,73.4,90.9,65.5,90.9,0,0,0,0,0,0,0,0,0,0,0,7971,3.65,1.62,48.3
1988.83333333333,1988.11,7448,2660,2038,1027,167,249,1308,58.9,65.2,73.1,91,65.3,91,0,0,0,0,0,0,0,0,0,0,0,7974,3.65,1.62,48.1
1988.91666666667,1988.12,10884,4034,2130,1331,155,305,2929,58.9,65.1,73.1,91,65.3,91,0,0,0,0,0,0,0,0,0,0,0,7988,3.64,1.62,48.2
1989,1989.01,6501,2479,1761,868,151,226,1015,59.1,64.9,73.1,90.9,65.3,90.9,0,0,0,0,0,0,0,0,0,0,0,7926,3.63,1.61,48
1989.08333333333,1989.02,6863,2523,1891,908,165,235,1141,59,64.9,72.6,90.9,65.2,90.9,0,0,0,0,0,0,0,0,0,0,0,7961,3.63,1.61,48.1
1989.16666666667,1989.03,7567,2796,2020,988,177,232,1353,59.3,64.9,72.7,90.8,65.3,90.8,0,0,0,0,0,0,0,0,0,0,0,7986,3.62,1.6,48.1
1989.25,1989.04,7373,2634,1931,984,172,215,1438,61,66.1,73.6,92.7,66.6,92.7,1,0,0,0,0,0,0,0,0,0,0,7974,3.6,1.6,48.2
1989.33333333333,1989.05,7750,2760,2013,1032,182,235,1528,61.1,66.2,73.5,92.9,66.7,92.9,1,0,0,0,0,0,0,0,0,0,0,7978,3.6,1.61,48.5
1989.41666666667,1989.06,7529,2636,2017,979,183,216,1497,61.1,66.4,73.5,92.8,66.7,92.8,1,0,0,0,0,0,0,0,0,0,0,7979,3.61,1.62,48.5
1989.5,1989.07,7736,2756,1972,915,164,220,1709,61,66.8,73.5,92.8,66.9,92.8,1,0,0,0,0,0,0,0,0,0,0,7988,3.62,1.62,48.6
1989.58333333333,1989.08,7739,2943,1959,913,156,238,1529,61,66.8,73.3,92.8,66.8,92.8,1,0,0,0,0,0,0,0,0,0,0,7973,3.61,1.6,48.6
1989.66666666667,1989.09,7796,2775,2065,1035,174,240,1508,61.1,66.8,73.1,92.6,66.8,92.6,1,0,0,0,0,0,0,0,0,0,0,7991,3.62,1.6,48.7
1989.75,1989.1,7908,2889,2131,1060,165,261,1402,61.2,66.8,73.3,92.6,66.8,92.6,1,0,0,0,0,0,0,0,0,0,0,7999,3.6,1.59,48.9
1989.83333333333,1989.11,7806,2898,2082,1028,164,255,1379,61.3,66.8,73.5,92.7,66.8,92.7,1,0,0,0,0,0,0,0,0,0,0,7978,3.6,1.59,48.9
1989.91666666667,1989.12,11586,4354,2206,1343,163,347,3173,61.5,66.7,73.4,92.5,66.8,92.5,1,0,0,0,0,0,0,0,0,0,0,7982,3.6,1.59,49
1990,1990.01,6693,2554,1830,929,147,240,993,61.7,66.7,73.8,92.5,66.9,92.5,1,0,0,0,0,0,0,0,0,0,0,7929,3.59,1.58,49
1990.08333333333,1990.02,6995,2582,1917,931,171,256,1138,61.7,66.6,73.7,92.4,67.1,92.4,1,0,0,0,0,0,0,0,0,0,0,7964,3.59,1.58,49.1
1990.16666666667,1990.03,7680,2908,2038,994,184,246,1311,61.7,66.7,73.8,92.6,67.1,92.6,1,0,0,0,0,0,0,0,0,0,0,7980,3.6,1.58,49.1
1990.25,1990.04,7666,2852,1996,998,178,230,1413,61.8,66.8,74,92.5,67.3,92.5,1,0,0,0,0,0,0,0,0,0,0,7965,3.57,1.61,49.4
1990.33333333333,1990.05,7838,2860,2060,1023,190,234,1470,62,67,74.5,92.6,67.7,92.6,1,0,0,0,0,0,0,0,0,0,0,7975,3.56,1.6,49.6
1990.41666666667,1990.06,7628,2753,1968,968,189,217,1533,62,67.7,74.3,96,67.8,96,1,0,0,0,0,0,0,0,0,0,0,7980,3.55,1.61,49.4
1990.5,1990.07,7959,2856,2005,923,171,235,1769,62.5,68.4,74.3,97,68.2,97,1,0,0,0,0,0,0,0,0,0,0,7982,3.56,1.61,49.4
1990.58333333333,1990.08,8039,3126,2008,890,168,223,1624,62.5,68.9,74.1,97.6,68.5,97.6,1,0,0,0,0,0,0,0,0,0,0,7982,3.54,1.61,49.5
1990.66666666667,1990.09,7944,2837,2096,1027,183,239,1563,62.6,69.5,74.7,98.1,68.8,98.1,1,0,0,0,0,0,0,0,0,0,0,7994,3.53,1.61,49.6
1990.75,1990.1,8110,2930,2138,1096,176,236,1535,62.7,69.3,75.2,98.3,68.8,98.3,1,0,0,0,0,0,0,0,0,0,0,7987,3.55,1.6,49.6
1990.83333333333,1990.11,7868,2850,2081,1050,164,239,1483,62.8,68.9,75.2,98.4,68.9,98.4,1,0,0,0,0,0,0,0,0,0,0,7985,3.56,1.62,49.6
1990.91666666667,1990.12,11700,4461,2285,1393,158,315,3089,63.2,68.5,75.4,98.8,68.9,98.8,1,0,0,0,0,0,0,0,0,0,0,7994,3.56,1.62,49.7
1991,1991.01,7041,2700,1861,959,159,239,1124,63.7,68.6,75.4,99,69,99,1,0,0,0,0,0,0,0,0,0,0,7934,3.57,1.62,49.8
1991.08333333333,1991.02,7295,2726,1931,1006,161,249,1221,63.9,68.5,75.4,99.2,69.2,99.2,1,0,0,0,0,0,0,0,0,0,0,7961,3.58,1.61,49.7
1991.16666666667,1991.03,8028,3125,2040,1031,183,231,1417,63.9,68.4,75.4,99.1,69.2,99.1,1,0,0,0,0,0,0,0,0,0,0,7988,3.58,1.61,49.7
1991.25,1991.04,7867,2919,1972,1024,184,223,1545,64,68.4,75.2,99.2,69.2,99.2,1,0,0,0,0,0,0,0,0,0,0,7995,3.57,1.64,49.8
1991.33333333333,1991.05,8071,2985,2010,1039,196,219,1621,64,68.8,75.8,99.3,69.5,99.3,1,0,0,0,0,0,0,0,0,0,0,7984,3.57,1.64,49.6
1991.41666666667,1991.06,7902,2927,1990,982,180,213,1610,64,69.6,75.6,99.2,69.8,99.2,1,0,0,0,0,0,0,0,0,0,0,7990,3.57,1.64,49.7
1991.5,1991.07,8006,2949,1951,922,172,229,1783,64.1,70.5,75.6,99.2,70.1,99.2,1,0,0,0,0,0,0,0,0,0,0,7979,3.57,1.65,49.5
1991.58333333333,1991.08,8258,3216,1988,938,182,256,1679,64,70.8,75.6,99.1,70.3,99.1,1,0,0,0,0,0,0,0,0,0,0,7956,3.57,1.65,49.7
1991.66666666667,1991.09,7994,2920,2038,1010,187,248,1593,64.3,70.8,75.7,99.1,70.4,99.1,1,0,0,0,0,0,0,0,0,0,0,7970,3.56,1.66,49.6
1991.75,1991.1,8199,2949,2116,1118,183,263,1570,64.5,70.4,75.8,99.1,70.4,99.1,1,0,0,0,0,0,0,0,0,0,0,7995,3.55,1.64,49.7
1991.83333333333,1991.11,7924,2866,2053,1076,168,276,1485,64.8,70.2,75.9,99.1,70.5,99.1,1,0,0,0,0,0,0,0,0,0,0,7975,3.55,1.64,49.8
1991.91666666667,1991.12,11923,4498,2187,1425,162,339,3312,64.8,70.2,75.8,99,70.5,99,1,0,0,0,0,0,0,0,0,0,0,7988,3.55,1.62,49.7
1992,1992.01,6997,2662,1835,986,162,244,1107,65.1,70.3,76.4,99.1,70.7,99.1,1,0,0,0,0,0,0,0,0,0,0,7912,3.54,1.61,49.7
1992.08333333333,1992.02,7698,2877,2005,1044,176,287,1309,65,70.4,76.3,99.1,70.7,99.1,1,0,0,0,0,0,0,0,0,0,0,7954,3.56,1.61,49.8
1992.16666666667,1992.03,7925,2984,2007,1037,184,276,1437,65.2,70.5,76.1,99,70.9,99,1,0,0,0,0,0,0,0,0,0,0,7952,3.55,1.61,49.9
1992.25,1992.04,7689,2749,1941,1046,189,224,1539,65.3,70.6,76.4,99.1,71.1,99.1,1,0,0,0,0,0,0,0,0,0,0,7975,3.54,1.63,49.7
1992.33333333333,1992.05,8167,2976,2046,1062,199,235,1649,65,70.6,76.5,98.9,70.9,98.9,1,0,0,0,0,0,0,0,0,0,0,7993,3.55,1.65,49.9
1992.41666666667,1992.06,7758,2790,1938,982,192,227,1629,65.2,70.4,76.7,99,70.8,99,1,0,0,0,0,0,0,0,0,0,0,7964,3.54,1.63,50.1
1992.5,1992.07,7905,2902,1925,927,185,233,1732,65.3,70.6,76.7,99.2,71,99.2,1,0,0,0,0,0,0,0,0,0,0,7982,3.53,1.63,50.2
1992.58333333333,1992.08,8056,3138,1943,902,183,260,1630,65.1,70.8,76.5,99.1,70.9,99.1,1,0,0,0,0,0,0,0,0,0,0,7952,3.52,1.63,50
1992.66666666667,1992.09,7786,2791,2043,997,182,232,1541,65.1,70.8,76.3,99.1,70.9,99.1,1,0,0,0,0,0,0,0,0,0,0,7956,3.5,1.62,50.2
1992.75,1992.1,8116,2937,2124,1067,189,260,1539,65.3,70.6,76.8,98.9,71.1,98.9,1,0,0,0,0,0,0,0,0,0,0,7970,3.51,1.62,50.1
1992.83333333333,1992.11,7928,2869,2053,1057,181,261,1505,65.3,70.5,76.7,98.8,70.9,98.8,1,0,0,0,0,0,0,0,0,0,0,7959,3.52,1.62,50.2
1992.91666666667,1992.12,11630,4424,2203,1379,156,350,3118,65.1,70.3,76.7,98.8,70.8,98.8,1,0,0,0,0,0,0,0,0,0,0,7971,3.52,1.62,50.3
1993,1993.01,6935,2648,1823,919,173,261,1111,65.5,70.6,77,98.8,71,98.8,1,0,0,0,0,0,0,0,0,0,0,7898,3.52,1.6,50.5
1993.08333333333,1993.02,7216,2694,1887,961,162,279,1234,65.6,70.4,76.7,98.5,70.9,98.5,1,0,0,0,0,0,0,0,0,0,0,7923,3.51,1.61,50.8
1993.16666666667,1993.03,7685,2850,1969,987,190,263,1426,65.3,70.5,76.8,97.8,70.8,97.8,1,0,0,0,0,0,0,0,0,0,0,7967,3.5,1.6,50.5
1993.25,1993.04,7467,2721,1894,977,186,219,1471,65.3,70.6,76.7,97.6,70.7,97.6,1,0,0,0,0,0,0,0,0,0,0,7961,3.49,1.61,50.6
1993.33333333333,1993.05,7655,2792,1920,965,185,241,1553,65.3,70.2,76.5,97.6,70.5,97.6,1,0,0,0,0,0,0,0,0,0,0,7976,3.48,1.61,50.6
1993.41666666667,1993.06,7374,2612,1886,947,188,225,1515,65.3,70.4,76.6,97.4,70.5,97.4,1,0,0,0,0,0,0,0,0,0,0,7964,3.49,1.61,50.2
1993.5,1993.07,7783,2674,1880,938,191,243,1857,65.3,70.2,76.2,97.4,70.4,97.4,1,0,0,0,0,0,0,0,0,0,0,7972,3.5,1.62,50.1
1993.58333333333,1993.08,7599,2869,1866,868,174,250,1572,65.2,70.2,76,97.2,70.3,97.2,1,0,0,0,0,0,0,0,0,0,0,7989,3.49,1.61,50.1
1993.66666666667,1993.09,7357,2605,1895,951,187,253,1466,65.5,70.2,76.1,97.1,70.3,97.1,1,0,0,0,0,0,0,0,0,0,0,7964,3.47,1.59,50.1
1993.75,1993.1,7700,2797,1960,1014,173,274,1481,65.4,69.8,75.8,96.9,70,96.9,1,0,0,0,0,0,0,0,0,0,0,7976,3.48,1.61,50
1993.83333333333,1993.11,7437,2665,1912,965,174,281,1441,65.4,69.6,76.1,96.8,70.1,96.8,1,0,0,0,0,0,0,0,0,0,0,7964,3.47,1.59,50.1
1993.91666666667,1993.12,11227,4174,2031,1308,166,381,3166,65.6,69.3,76,96.9,69.9,96.9,1,0,0,0,0,0,0,0,0,0,0,7993,3.49,1.59,50
1994,1994.01,6676,2555,1723,901,167,259,1072,65.7,69.4,75.8,97,69.8,97,1,0,0,0,0,0,0,0,0,0,0,7916,3.49,1.58,49.9
1994.08333333333,1994.02,6905,2481,1794,918,179,275,1259,65.6,69.3,75.8,97.1,69.7,97.1,1,0,0,0,0,0,0,0,0,0,0,7939,3.49,1.58,50
1994.16666666667,1994.03,7205,2645,1837,947,193,236,1347,65.7,69.1,75.8,97,69.6,97,1,0,0,0,0,0,0,0,0,0,0,7956,3.49,1.58,49.9
1994.25,1994.04,6925,2486,1743,885,185,213,1413,65.3,69,75.8,96.7,69.5,96.7,1,0,0,0,0,0,0,0,0,0,0,7956,3.47,1.59,50
1994.33333333333,1994.05,7271,2649,1774,930,191,220,1508,65.3,68.9,75.5,96.4,69.5,96.4,1,0,0,0,0,0,0,0,0,0,0,7951,3.46,1.6,49.9
1994.41666666667,1994.06,7025,2518,1742,886,186,213,1481,65.3,69,75.4,96.4,69.6,96.4,1,0,0,0,0,0,0,0,0,0,0,7973,3.45,1.6,50
1994.5,1994.07,7032,2558,1649,796,161,206,1663,65.3,68.8,75.3,96.5,69.4,96.5,1,0,0,0,0,0,0,0,0,0,0,7967,3.46,1.6,49.8
1994.58333333333,1994.08,7159,2790,1682,794,163,239,1491,65.3,69.1,75.3,96.3,69.4,96.3,1,0,0,0,0,0,0,0,0,0,0,7957,3.46,1.6,50
1994.66666666667,1994.09,7109,2587,1785,917,180,225,1416,65.3,69.5,75.4,96.2,69.7,96.2,1,0,0,0,0,0,0,0,0,0,0,7968,3.46,1.6,50.2
1994.75,1994.1,7437,2764,1852,970,167,258,1427,65.2,69.5,75.2,96.1,69.6,96.1,1,0,0,0,0,0,0,0,0,0,0,7974,3.47,1.61,50.4
1994.83333333333,1994.11,7257,2612,1858,967,155,273,1393,65.1,69.1,74.7,96.3,69.5,96.3,1,0,0,0,0,0,0,0,0,0,0,7984,3.46,1.6,50.1
1994.91666666667,1994.12,10845,4261,1974,1303,157,373,2777,65,69.1,75.1,96.3,69.4,96.3,1,0,0,0,0,0,0,0,0,0,0,7979,3.46,1.6,50.1
1995,1995.01,6445,2490,1660,854,145,252,1044,64.8,69.4,75.5,96.7,69.4,96.7,1,0,0,0,0,0,0,0,0,0,0,7792,3.44,1.6,50.6
1995.08333333333,1995.02,6682,2493,1729,876,161,250,1173,64.6,69.2,75,96.5,69.3,96.5,1,0,0,0,0,0,0,0,0,0,0,7847,3.44,1.6,50.6
1995.16666666667,1995.03,7112,2679,1770,902,183,237,1341,64.4,69.3,74.9,96.3,69,96.3,1,0,0,0,0,0,0,0,0,0,0,7896,3.43,1.58,50.8
1995.25,1995.04,7118,2550,1778,913,181,213,1483,64.4,69,74.5,96.7,69,96.7,1,0,0,0,0,0,0,0,0,0,0,7936,3.43,1.59,50.8
1995.33333333333,1995.05,7292,2614,1787,926,182,222,1561,64.5,69,74.5,96.6,69,96.6,1,0,0,0,0,0,0,0,0,0,0,7954,3.45,1.6,50.9
1995.41666666667,1995.06,7012,2464,1715,896,177,226,1536,64.4,69.1,74.6,96.4,69.3,96.4,1,0,0,0,0,0,0,0,0,0,0,7946,3.42,1.59,51.2
1995.5,1995.07,7320,2597,1696,815,157,217,1837,64.7,69.4,74,96.3,69.4,96.3,1,0,0,0,0,0,0,0,0,0,0,7983,3.43,1.58,51.1
1995.58333333333,1995.08,7228,2740,1692,794,159,228,1614,64.3,69.3,73.8,96.3,69.2,96.3,1,0,0,0,0,0,0,0,0,0,0,7942,3.42,1.57,51.2
1995.66666666667,1995.09,7163,2553,1787,925,174,226,1498,64.2,69.3,73.8,96.2,69.4,96.2,1,0,0,0,0,0,0,0,0,0,0,7954,3.41,1.57,51.3
1995.75,1995.1,7255,2688,1762,947,158,252,1447,64,69,74.3,96.1,69.4,96.1,1,0,0,0,0,0,0,0,0,0,0,7953,3.39,1.58,51.2
1995.83333333333,1995.11,7268,2610,1873,942,159,263,1421,64.1,69.2,73.9,96,69.7,96,1,0,0,0,0,0,0,0,0,0,0,7921,3.39,1.57,51.3
1995.91666666667,1995.12,10379,3905,1926,1231,140,329,2848,64.3,69.2,74.2,96.1,69.8,96.1,1,0,0,0,0,0,0,0,0,0,0,7951,3.38,1.58,51.4
1996,1996.01,6523,2488,1693,847,147,280,1068,64.5,69.6,74.6,95.9,69.9,95.9,1,0,0,0,0,0,0,0,0,0,0,7898,3.39,1.57,51.4
1996.08333333333,1996.02,6854,2480,1811,938,165,256,1203,64.5,69.6,74.6,96,69.9,96,1,0,0,0,0,0,0,0,0,0,0,7923,3.39,1.57,51.3
1996.16666666667,1996.03,7129,2574,1820,917,168,242,1408,64.7,69.8,75,95.9,70.1,95.9,1,0,0,0,0,0,0,0,0,0,0,7914,3.37,1.56,51.5
1996.25,1996.04,6671,2223,1788,914,159,195,1392,64.5,69.6,75.1,95.9,70.1,95.9,1,0,0,0,0,0,0,0,0,0,0,7915,3.34,1.55,51.6
1996.33333333333,1996.05,6849,2308,1795,901,163,219,1463,64.7,70,75.4,95.8,70.2,95.8,1,0,0,0,0,0,0,0,0,0,0,7922,3.34,1.54,51.4
1996.41666666667,1996.06,6849,2340,1801,874,157,184,1493,64.4,70,75.2,95.8,70.3,95.8,1,0,0,0,0,0,0,0,0,0,0,7915,3.34,1.53,51.4
1996.5,1996.07,6645,2148,1748,834,136,169,1610,64.6,70.6,75.2,95.5,70.5,95.5,1,0,0,0,0,0,0,0,0,0,0,7930,3.32,1.53,51.3
1996.58333333333,1996.08,6675,2268,1828,844,110,145,1480,64.9,71.1,75.5,95.3,70.6,95.3,1,0,0,0,0,0,0,0,0,0,0,7940,3.31,1.52,51.5
1996.66666666667,1996.09,6771,2248,1859,938,140,158,1427,64.9,71.4,75.6,96.2,70.8,96.2,1,0,0,0,0,0,0,0,0,0,0,7925,3.31,1.53,51.3
1996.75,1996.1,7132,2387,1955,1008,152,206,1424,64.9,71.4,75.7,96.8,71,96.8,1,0,0,0,0,0,0,0,0,0,0,7941,3.33,1.54,51.3
1996.83333333333,1996.11,7075,2354,1894,1009,151,238,1429,65,70.9,75.7,97.3,71.2,97.3,1,0,0,0,0,0,0,0,0,0,0,7941,3.33,1.54,51.6
1996.91666666667,1996.12,10107,3606,1988,1299,140,317,2757,64.9,70.9,76.3,97.4,71.5,97.4,1,0,0,0,0,0,0,0,0,0,0,7961,3.33,1.54,51.6
1997,1997.01,6607,2366,1794,956,142,234,1116,65.4,71.2,77.2,97.3,71.8,97.3,1,0,0,0,0,0,0,0,0,0,0,7890,3.34,1.54,51.6
1997.08333333333,1997.02,6647,2271,1826,941,159,235,1216,65.5,71.2,76.8,97.5,71.7,97.5,1,0,0,0,0,0,0,0,0,0,0,7904,3.36,1.53,51.5
1997.16666666667,1997.03,7216,2525,1909,988,160,215,1419,65.3,71.1,76.6,98,71.7,98,1,0,0,0,0,0,0,0,0,0,0,7933,3.35,1.54,51.7
1997.25,1997.04,7002,2402,1845,969,172,188,1426,67.3,74,78.4,100,73.7,100,1,1,0,0,0,0,0,0,0,0,0,7927,3.35,1.56,51.7
1997.33333333333,1997.05,7395,2495,1941,993,171,214,1581,67.6,74.5,78.4,100.2,74.1,100.2,1,1,0,0,0,0,0,0,0,0,0,7952,3.35,1.54,51.6
1997.41666666667,1997.06,7091,2338,1855,910,168,188,1632,67.6,74.9,78.2,100.3,74.1,100.3,1,1,0,0,0,0,0,0,0,0,0,7934,3.34,1.54,51.6
1997.5,1997.07,7381,2485,1864,872,159,201,1801,67.9,75.4,78.4,100.3,74.2,100.3,1,1,0,0,0,0,0,0,0,0,0,7926,3.35,1.54,51.7
1997.58333333333,1997.08,7353,2681,1870,852,156,222,1571,68.1,75.9,77.8,100.5,74.2,100.5,1,1,0,0,0,0,0,0,0,0,0,7942,3.34,1.54,51.7
1997.66666666667,1997.09,7065,2345,1948,927,171,196,1479,68.2,75.9,78,100.5,74.5,100.5,1,1,0,0,0,0,0,0,0,0,0,7939,3.33,1.53,51.5
1997.75,1997.1,7311,2486,1975,999,169,246,1435,68.1,75.4,77.9,100.5,74.4,100.5,1,1,0,0,0,0,0,0,0,0,0,7958,3.33,1.53,51.5
1997.83333333333,1997.11,7281,2516,1960,980,159,236,1431,68.1,75,77.8,100.3,74.1,100.3,1,1,0,0,0,0,0,0,0,0,0,7958,3.32,1.53,51.5
1997.91666666667,1997.12,10301,3723,2091,1267,149,317,2754,68.3,74.8,78.6,100.3,74.2,100.3,1,1,0,0,0,0,0,0,0,0,0,7962,3.33,1.53,51.5
1998,1998.01,6667,2337,1844,926,153,244,1163,68.3,75,78.8,100.4,74.5,100.4,1,1,0,0,0,0,0,0,0,0,0,7907,3.34,1.52,51.5
1998.08333333333,1998.02,6514,2223,1794,909,159,233,1198,68.2,75,78.9,100.3,74.3,100.3,1,1,0,0,0,0,0,0,0,0,0,7924,3.35,1.53,51.8
1998.16666666667,1998.03,7096,2413,1932,949,173,230,1399,68.3,75.1,78.9,99.9,74.3,99.9,1,1,0,0,0,0,0,0,0,0,0,7938,3.35,1.54,51.9
1998.25,1998.04,6774,2273,1805,894,166,191,1444,68.5,74.8,78.5,99.8,74.2,99.8,1,1,0,0,0,0,0,0,0,0,0,7956,3.32,1.53,51.9
1998.33333333333,1998.05,7125,2397,1862,887,179,216,1583,68.2,74.9,78.7,99.8,74.3,99.8,1,1,0,0,0,0,0,0,0,0,0,7950,3.32,1.53,52.1
1998.41666666667,1998.06,6885,2243,1875,849,171,203,1545,68.1,75,78.5,100,74.2,100,1,1,0,0,0,0,0,0,0,0,0,7955,3.3,1.54,52.1
1998.5,1998.07,7061,2310,1816,809,156,203,1766,68.2,75.3,78.2,99.7,74.2,99.7,1,1,0,0,0,0,0,0,0,0,0,7938,3.29,1.52,52.3
1998.58333333333,1998.08,7289,2523,1867,830,166,253,1650,67.9,75.4,78.5,99.7,74.2,99.7,1,1,0,0,0,0,0,0,0,0,0,7931,3.3,1.52,52.3
1998.66666666667,1998.09,6814,2155,1919,897,170,218,1454,68,75.6,78.7,99.4,74.2,99.4,1,1,0,0,0,0,0,0,0,0,0,7941,3.29,1.51,52.4
1998.75,1998.1,7100,2279,1998,974,168,243,1437,68.1,75.4,79,99.2,74.2,99.2,1,1,0,0,0,0,0,0,0,0,0,7943,3.3,1.52,52.3
1998.83333333333,1998.11,6948,2277,1909,948,152,255,1405,68.4,75.3,79.2,99.3,74.4,99.3,1,1,0,0,0,0,0,0,0,0,0,7937,3.31,1.52,52.2
1998.91666666667,1998.12,9917,3466,1975,1269,145,351,2711,68.2,75,79.6,99.4,74.4,99.4,1,1,0,0,0,0,0,0,0,0,0,7966,3.29,1.49,52.2
1999,1999.01,6552,2237,1846,925,142,258,1144,68.4,75.1,79.4,99.4,74.4,99.4,1,1,0,0,0,0,0,0,0,0,0,7886,3.3,1.49,51.9
1999.08333333333,1999.02,6506,2096,1853,935,155,254,1212,68.5,75,79.5,99.5,74.5,99.5,1,1,0,0,0,0,0,0,0,0,0,7928,3.29,1.47,51.9
1999.16666666667,1999.03,6842,2252,1894,935,165,228,1368,68.6,74.7,79.5,99.5,74.4,99.5,1,1,0,0,0,0,0,0,0,0,0,7958,3.3,1.48,52
1999.25,1999.04,6657,2126,1801,915,171,215,1429,68.3,74.5,79.4,99.3,73.9,99.3,1,1,0,0,0,0,0,0,0,0,0,7958,3.27,1.49,52.1
1999.33333333333,1999.05,7035,2302,1874,908,161,222,1568,68.3,74.6,79.5,99.5,73.8,99.5,1,1,0,0,0,0,0,0,0,0,0,7944,3.29,1.5,52.1
1999.41666666667,1999.06,6783,2168,1861,860,166,192,1536,68.3,74.7,79.3,99.3,73.5,99.3,1,1,0,0,0,0,0,0,0,0,0,7929,3.3,1.5,52.2
1999.5,1999.07,6960,2231,1824,803,154,194,1754,68.3,74.7,79,99.3,73.5,99.3,1,1,0,0,0,0,0,0,0,0,0,7915,3.31,1.51,52.2
1999.58333333333,1999.08,6946,2412,1820,790,151,225,1549,68.1,74.9,79.3,99.2,73.6,99.2,1,1,0,0,0,0,0,0,0,0,0,7895,3.3,1.51,52.2
1999.66666666667,1999.09,6634,2152,1825,883,162,196,1416,67.8,74.7,78.8,99.1,73.6,99.1,1,1,0,0,0,0,0,0,0,0,0,7860,3.3,1.51,52
1999.75,1999.1,6894,2260,1920,937,154,239,1383,67.8,74.7,78.7,98.9,73.3,98.9,1,1,0,0,0,0,0,0,0,0,0,7873,3.3,1.49,52.3
1999.83333333333,1999.11,6699,2141,1847,918,159,244,1389,67.8,74.5,79.1,98.8,72.9,98.8,1,1,0,0,0,0,0,0,0,0,0,7827,3.29,1.48,52.2
1999.91666666667,1999.12,9664,3265,1986,1234,145,349,2685,67.9,74.3,79.3,98.5,73,98.5,1,1,0,0,0,0,0,0,0,0,0,7834,3.3,1.49,52.1
2000,2000.01,6229,2087,1760,895,152,250,1085,68.1,74.6,78.7,98.6,73.1,98.6,1,1,0,0,0,0,0,0,0,0,0,7887,3.32,1.51,52.4
2000.08333333333,2000.02,6449,2090,1852,907,162,231,1208,67.9,74.2,78.8,98.4,73,98.4,1,1,0,0,0,0,0,0,0,0,0,7942,3.32,1.51,52.6
2000.16666666667,2000.03,6483,2121,1799,885,161,204,1314,67.8,74,78.4,98.2,72.9,98.2,1,1,0,0,0,0,0,0,0,0,0,7934,3.32,1.51,52.7
2000.25,2000.04,6485,2113,1760,849,165,195,1404,67.6,73.8,78.8,98.3,72.6,98.3,1,1,0,0,0,0,0,0,0,0,0,7922,3.32,1.52,52.6
2000.33333333333,2000.05,6655,2182,1772,860,164,191,1487,67.4,73.8,78.4,98.2,72.3,98.2,1,1,0,0,0,0,0,0,0,0,0,7928,3.31,1.53,52.7
2000.41666666667,2000.06,6419,2013,1781,824,170,178,1454,67.7,74,78.4,98.2,72.3,98.2,1,1,0,0,0,0,0,0,0,0,0,7917,3.31,1.53,52.6
2000.5,2000.07,6603,2085,1761,779,155,192,1631,67.9,74.1,78.2,98.3,72.3,98.3,1,1,0,0,0,0,0,0,0,0,0,7907,3.31,1.52,52.7
2000.58333333333,2000.08,6678,2210,1759,782,158,237,1532,68.4,74.3,78.6,98.1,72.5,98.1,1,1,0,0,0,0,0,0,0,0,0,7908,3.31,1.52,52.9
2000.66666666667,2000.09,6434,1983,1775,888,161,223,1404,68.3,74.6,78.1,98.2,72.5,98.2,1,1,0,0,0,0,0,0,0,0,0,7917,3.31,1.51,52.8
2000.75,2000.1,6665,2083,1885,900,153,248,1396,68.4,74.3,77.9,97.9,72.5,97.9,1,1,0,0,0,0,0,0,0,0,0,7937,3.3,1.52,53
2000.83333333333,2000.11,6575,2018,1855,905,145,245,1407,68.3,74.3,78.2,98.2,72.5,98.2,1,1,0,0,0,0,0,0,0,0,0,7914,3.3,1.53,53.2
2000.91666666667,2000.12,9463,3167,1970,1199,132,339,2655,68.3,74.2,78.1,97.8,72.5,97.8,1,1,0,0,0,0,0,0,0,0,0,7933,3.29,1.52,53.2
2001,2001.01,6241,2073,1763,880,134,264,1127,68.1,73.8,78.4,97.8,72.2,97.8,1,1,0,0,0,0,0,0,0,0,0,7888,3.29,1.51,53.3
2001.08333333333,2001.02,5907,1843,1717,867,125,238,1117,68.4,73.7,78.7,97.9,72.3,97.9,1,1,0,0,0,0,0,0,0,0,0,7887,3.29,1.51,53.4
2001.16666666667,2001.03,6273,1969,1803,847,151,220,1282,68.1,73.8,78.7,98,72.1,98,1,1,0,0,0,0,0,0,0,0,0,7907,3.29,1.51,53.4
2001.25,2001.04,6035,1886,1671,822,153,204,1298,68.1,74,78.3,98,72.1,98,1,1,0,0,0,0,0,0,0,0,0,7927,3.29,1.52,53.5
2001.33333333333,2001.05,6417,2027,1785,817,159,193,1435,68.4,73.9,78.5,98,72.2,98,1,1,0,0,0,0,0,0,0,0,0,7948,3.28,1.5,53.6
2001.41666666667,2001.06,6209,1889,1740,815,156,183,1427,68.3,73.9,78.8,97.9,72.3,97.9,1,1,0,0,0,0,0,0,0,0,0,7924,3.28,1.53,53.6
2001.5,2001.07,6420,2037,1741,707,148,196,1591,68.1,74.2,79,98.1,72.5,98.1,1,1,0,0,0,0,0,0,0,0,0,7907,3.28,1.52,53.7
2001.58333333333,2001.08,6687,2181,1795,749,151,253,1559,68.2,74.4,78.8,98.1,72.6,98.1,1,1,0,0,0,0,0,0,0,0,0,7909,3.28,1.51,53.6
2001.66666666667,2001.09,6033,1584,1876,904,134,184,1351,68.2,74.4,79.3,98,72.9,98,1,1,0,1,0,0,0,1,0,0,0,7910,3.28,1.51,53.7
2001.75,2001.1,5540,855,2134,1055,77,146,1271,67.4,74.5,79.3,98.1,72.6,98.1,1,1,0,1,0,0,0,2,0,0,0,7908,3.28,1.49,53.6
2001.83333333333,2001.11,5715,1054,2096,1030,89,150,1296,67.1,74.9,79.9,97.9,72.3,97.9,1,1,0,1,0,0,0,3,0,0,0,7914,3.28,1.49,53.6
2001.91666666667,2001.12,7886,1759,2274,1380,86,213,2175,66.7,74.9,81.4,98,72.3,98,1,1,0,1,0,0,0,4,0,0,0,7924,3.28,1.48,53.7
2002,2002.01,5659,1389,1970,991,93,169,1047,67.1,75.5,83.4,98,72.9,98,1,1,0,1,0,0,0,5,0,0,0,7857,3.26,1.48,53.6
2002.08333333333,2002.02,5414,1261,1909,936,102,159,1047,66.9,75.7,83,98.1,73,98.1,1,1,0,1,0,0,0,6,0,0,0,7877,3.25,1.45,53.8
2002.16666666667,2002.03,5913,1491,1978,949,113,155,1227,67.5,76,82.8,98.4,72.9,98.4,1,1,0,1,0,0,0,7,0,0,0,7915,3.25,1.45,53.9
2002.25,2002.04,5949,1561,1900,930,120,144,1295,67.2,75.5,83.5,98.7,72.6,98.7,1,1,0,1,0,0,0,8,0,0,0,7894,3.25,1.46,53.8
2002.33333333333,2002.05,6186,1652,1931,944,124,161,1373,67,75.7,83.5,98.5,72.6,98.5,1,1,0,1,0,0,0,9,0,0,0,7932,3.24,1.44,53.8
2002.41666666667,2002.06,6033,1594,1895,891,121,161,1370,67.2,75.5,83.3,98.4,72.8,98.4,1,1,0,1,0,0,0,10,0,0,0,7926,3.24,1.45,53.7
2002.5,2002.07,6131,1625,1899,825,114,157,1512,67,76.5,83.1,98.1,72.6,98.1,1,1,0,1,0,0,0,11,0,0,0,7914,3.24,1.44,53.8
2002.58333333333,2002.08,6336,1772,1943,833,127,239,1423,67.2,76.1,83.2,98,72.6,98,1,1,0,1,0,0,0,12,0,0,0,7893,3.24,1.44,53.9
2002.66666666667,2002.09,6023,1619,1909,914,132,184,1264,67.3,76.3,84.2,97.9,72.8,97.9,1,1,0,1,0,0,0,13,0,0,0,7914,3.24,1.44,53.8
2002.75,2002.1,6239,1631,2020,992,136,222,1238,67.9,76.4,84,98.1,73.1,98.1,1,1,0,1,0,0,0,14,0,0,0,7933,3.24,1.44,53.8
2002.83333333333,2002.11,6273,1686,2000,971,119,214,1283,68.6,76.6,83.7,97.6,73.2,97.6,1,1,0,1,0,0,0,15,0,0,0,7905,3.24,1.45,53.8
2002.91666666667,2002.12,8836,2700,2081,1266,118,302,2370,68.6,76.6,84.1,96.8,73.4,96.8,1,1,0,1,0,0,0,16,0,0,0,7932,3.23,1.44,53.9
2003,2003.01,5807,1773,1802,885,119,194,1034,69.3,76.6,84.2,96.9,73.7,96.9,1,1,0,1,0,0,0,17,0,0,0,7850,3.24,1.44,53.9
2003.08333333333,2003.02,5587,1571,1768,865,128,183,1072,69.6,76.4,84.2,97.5,73.6,97.5,1,1,0,1,0,0,0,18,0,0,0,7879,3.23,1.44,53.9
2003.16666666667,2003.03,6060,1732,1880,891,131,199,1226,69.2,76.3,84,97.3,73.4,97.3,1,1,0,1,0,0,0,19,0,0,0,7917,3.23,1.45,53.9
2003.25,2003.04,5859,1669,1755,857,131,183,1264,69.6,75.9,84,97.3,73.4,97.3,1,1,0,1,0,0,0,20,0,0,0,7911,3.23,1.45,54
2003.33333333333,2003.05,6142,1752,1828,866,146,185,1364,69.3,76.5,83.5,97.4,73.6,97.4,1,1,0,1,0,0,0,21,0,0,0,7922,3.22,1.44,54.1
2003.41666666667,2003.06,5949,1615,1783,822,140,167,1423,69.8,76.3,83.2,97.1,73.6,97.1,1,1,0,1,0,0,0,22,0,0,0,7925,3.22,1.44,54
2003.5,2003.07,6171,1699,1803,802,140,170,1558,69.8,76.7,83.1,96.6,73.6,96.6,1,1,0,1,0,0,0,23,0,0,0,7921,3.22,1.44,54
2003.58333333333,2003.08,6177,1880,1789,787,132,224,1366,70,76.8,83.1,96.9,74.2,96.9,1,1,0,1,0,0,0,24,0,0,0,7913,3.21,1.43,54
2003.66666666667,2003.09,5838,1638,1791,820,134,191,1265,70.2,76.9,83,96.7,74.2,96.7,1,1,0,1,0,0,0,25,0,0,0,7912,3.21,1.43,54.1
2003.75,2003.1,6035,1722,1848,897,135,219,1214,70.5,76.5,83.1,96.6,73.9,96.6,1,1,0,1,0,0,0,26,0,0,0,7930,3.21,1.43,54
2003.83333333333,2003.11,6130,1720,1835,914,129,225,1307,70.1,76.7,83.1,96.5,74.1,96.5,1,1,0,1,0,0,0,27,0,0,0,7917,3.21,1.44,54.1
2003.91666666667,2003.12,8431,2602,1976,1243,116,293,2201,70.7,76.9,82.8,96.1,74.2,96.1,1,1,0,1,0,0,0,28,0,0,0,7943,3.21,1.44,54.1
2004,2004.01,5770,1616,1927,835,126,212,1053,71.7,76.6,83.3,96.5,74.7,96.5,1,1,0,1,0,0,0,29,0,0,0,7875,3.21,1.43,54.2
2004.08333333333,2004.02,5603,1506,1964,724,130,189,1090,73.3,77.1,83.9,96.6,75.9,96.6,1,1,0,1,1,0,0,30,1,0,0,7898,3.21,1.43,54.3
2004.16666666667,2004.03,5886,1665,2025,690,149,162,1194,72.7,77.5,83.5,96.7,76.3,96.7,1,1,0,1,1,0,0,31,2,0,0,7890,3.2,1.43,54.3
2004.25,2004.04,5808,1627,1884,771,151,145,1231,72.8,77.3,82,96.6,76.2,96.6,1,1,0,1,1,0,0,32,3,0,0,7884,3.19,1.42,54.4
2004.33333333333,2004.05,6273,1804,1971,823,154,171,1352,72.8,77.8,82.4,96.6,76.6,96.6,1,1,0,1,1,0,0,33,4,0,0,7916,3.2,1.42,54.3
2004.41666666667,2004.06,5943,1614,1925,778,155,138,1332,72.5,77.8,82.4,96.6,76.3,96.6,1,1,0,1,1,0,0,34,5,0,0,7911,3.2,1.42,54.4
2004.5,2004.07,5986,1631,1894,744,144,148,1423,72.3,78,82.6,96.7,76.3,96.7,1,1,0,1,1,0,0,35,6,0,0,7892,3.19,1.41,54.5
2004.58333333333,2004.08,6333,1910,1969,796,141,186,1331,73,78.3,83.5,96.8,77.2,96.8,1,1,0,1,1,0,0,36,7,0,0,7915,3.19,1.4,54.5
2004.66666666667,2004.09,5884,1623,1878,864,153,163,1202,73.1,78.6,83.1,96.7,77.1,96.7,1,1,0,1,1,0,0,37,8,0,0,7885,3.18,1.4,54.4
2004.75,2004.1,6202,1713,1988,937,144,197,1223,73.4,78.6,83.2,96.7,77.4,96.7,1,1,0,1,1,0,0,38,9,0,0,7883,3.19,1.41,54.5
2004.83333333333,2004.11,6029,1591,1902,901,135,199,1302,73.5,78.2,83.7,97.2,77.6,97.2,1,1,0,1,1,0,0,39,10,0,0,7887,3.18,1.4,54.5
2004.91666666667,2004.12,8287,2618,2034,1189,133,285,2028,73.9,78.1,84.1,97.6,77.4,97.6,1,1,0,1,1,0,0,40,11,0,0,7911,3.18,1.39,54.6
2005,2005.01,5957,1764,1901,907,138,204,1043,74.5,78.3,84.6,97.6,78.1,97.6,1,1,0,1,1,0,0,41,12,0,0,7826,3.18,1.41,54.8
2005.08333333333,2005.02,5550,1544,1833,840,130,182,1020,74.6,78.4,84.4,98.3,78,98.3,1,1,0,1,1,0,0,42,13,0,0,7878,3.18,1.42,55
2005.16666666667,2005.03,6029,1694,1939,889,150,184,1172,74.5,78.4,84.2,98.5,77.9,98.5,1,1,0,1,1,0,0,43,14,0,0,7862,3.18,1.41,54.9
2005.25,2005.04,6004,1686,1893,867,155,162,1241,74.6,78.2,84.3,99,77.9,99,1,1,0,1,1,0,0,44,15,0,0,7881,3.18,1.41,55
2005.33333333333,2005.05,6323,1839,1939,886,161,160,1339,74.2,78,83.8,99.3,77.7,99.3,1,1,0,1,1,0,0,45,16,0,0,7915,3.17,1.43,55.1
2005.41666666667,2005.06,5894,1566,1861,815,157,152,1342,74.8,78.4,83,99,77.9,99,1,1,0,1,1,0,0,46,17,0,0,7901,3.18,1.43,55
2005.5,2005.07,6188,1636,1887,806,146,182,1531,75.5,78.2,83.4,99.4,78.2,99.4,1,1,0,1,1,0,0,47,18,0,0,7893,3.17,1.43,54.9
2005.58333333333,2005.08,6301,1875,1909,802,147,193,1375,75,78.4,83.7,99.3,78.2,99.3,1,1,0,1,1,0,0,48,19,0,0,7910,3.17,1.43,54.8
2005.66666666667,2005.09,5975,1615,1894,857,154,177,1280,75,78.7,83.4,99.3,77.9,99.3,1,1,0,1,1,0,0,49,20,0,0,7905,3.17,1.43,54.8
2005.75,2005.1,6190,1664,2012,918,146,205,1245,74.6,78.8,83.4,99.2,77.9,99.2,1,1,0,1,1,0,0,50,21,0,0,7913,3.17,1.42,54.9
2005.83333333333,2005.11,6223,1642,1988,922,145,218,1307,74.6,78.6,83.3,99.6,77.7,99.6,1,1,0,1,1,0,0,51,22,0,0,7897,3.17,1.42,54.9
2005.91666666667,2005.12,8736,2799,2137,1239,131,302,2128,75,78.6,84.1,99.5,77.9,99.5,1,1,0,1,1,0,0,52,23,0,0,7909,3.17,1.41,55.1
2006,2006.01,5856,1700,1897,890,140,219,1008,75.9,78.1,84.4,99.3,77.9,99.3,1,1,0,1,1,0,0,53,24,0,0,7840,3.16,1.41,55.2
2006.08333333333,2006.02,5604,1511,1856,861,136,208,1031,75,78.2,84.8,99.3,78.1,99.3,1,1,0,1,1,0,0,54,25,0,0,7853,3.16,1.4,55.4
2006.16666666667,2006.03,5946,1612,1927,886,150,188,1182,75.7,78.1,83.9,99.4,78.1,99.4,1,1,0,1,1,0,0,55,26,0,0,7859,3.16,1.39,55.4
2006.25,2006.04,6009,1642,1877,891,150,176,1273,75.9,78.2,84.1,99.4,78.4,99.4,1,1,0,1,1,0,0,56,27,0,0,7838,3.16,1.4,55.3
2006.33333333333,2006.05,6141,1686,1932,874,161,177,1311,76,78.3,84.2,99.6,78.4,99.6,1,1,0,1,1,0,0,57,28,0,0,7890,3.16,1.41,55.1
2006.41666666667,2006.06,5946,1564,1842,835,160,157,1389,75.5,78.1,83.8,99.8,78,99.8,1,1,0,1,1,0,0,58,29,0,0,7864,3.16,1.42,55.1
2006.5,2006.07,6140,1631,1879,801,152,165,1513,75.7,78.3,83.9,100.7,78.2,100.7,1,1,0,1,1,0,0,59,30,0,0,7845,3.16,1.43,55
2006.58333333333,2006.08,6311,1875,1940,767,157,206,1366,75.7,78.7,84.1,102.2,78.3,102.2,1,1,0,1,1,0,0,60,31,0,0,7868,3.16,1.43,55
2006.66666666667,2006.09,5975,1548,1915,904,154,191,1263,75.6,78.6,83.8,103.4,78.3,103.4,1,1,0,1,1,0,0,61,32,0,0,7816,3.16,1.43,55
2006.75,2006.1,6225,1633,2005,941,147,217,1283,75.8,78.6,83.9,103.3,78.4,103.3,1,1,0,1,1,0,0,62,33,0,0,7866,3.16,1.41,55.2
2006.83333333333,2006.11,6299,1588,2012,967,145,235,1352,75.8,79.1,84.4,103.3,78.7,103.3,1,1,0,1,1,0,0,63,34,0,0,7828,3.16,1.4,55.2
2006.91666666667,2006.12,8668,2715,2167,1252,140,297,2097,76.1,79.1,83.9,103.6,78.5,103.6,1,1,0,1,1,0,0,64,35,0,0,7881,3.15,1.39,55.4
2007,2007.01,6170,1751,1992,932,149,231,1115,77.4,78.7,84.5,103.4,79.2,103.4,1,1,0,1,1,0,0,65,36,0,0,7781,3.15,1.37,55.5
2007.08333333333,2007.02,5783,1540,1906,874,151,191,1121,77,78.6,83.9,103.3,78.9,103.3,1,1,0,1,1,0,0,66,37,0,0,7785,3.15,1.38,55.5
2007.16666666667,2007.03,6195,1696,1978,941,148,177,1256,77.3,78.7,84.4,103.7,79.1,103.7,1,1,0,1,1,0,0,67,38,0,0,7837,3.15,1.38,55.7
2007.25,2007.04,6114,1647,1934,913,157,175,1288,77.5,78.6,84.1,102.9,79.2,102.9,1,1,0,1,1,0,0,68,39,0,0,7831,3.15,1.39,55.6
2007.33333333333,2007.05,6239,1705,1943,893,155,180,1364,77,78.7,84.8,102.9,79.2,102.9,1,1,0,1,1,0,0,69,40,0,0,7844,3.15,1.4,55.7
2007.41666666667,2007.06,6026,1576,1889,852,164,152,1393,77.1,78.8,84.8,102.9,79.4,102.9,1,1,0,1,1,0,0,70,41,0,0,7850,3.15,1.41,55.7
2007.5,2007.07,6349,1662,1973,868,166,163,1517,77,78.7,84.3,102.9,79.3,102.9,1,1,0,1,1,0,0,71,42,0,0,7847,3.15,1.41,55.7
2007.58333333333,2007.08,6374,1859,1931,821,145,206,1411,77.1,79.1,84.5,102.8,79.6,102.8,1,1,0,1,1,0,0,72,43,0,0,7811,3.14,1.4,55.9
2007.66666666667,2007.09,6054,1577,1962,897,152,177,1289,77.4,79.1,85.3,103.9,80.2,103.9,1,1,0,1,1,0,0,73,44,0,0,7833,3.14,1.39,55.8
2007.75,2007.1,6290,1598,2066,973,158,218,1277,77.2,79,84.9,105.3,79.6,105.3,1,1,0,1,1,0,0,74,45,0,0,7852,3.14,1.39,55.7
2007.83333333333,2007.11,6413,1549,2107,1011,146,223,1377,77.7,79.1,85.5,107.4,80.1,107.4,1,1,0,1,1,0,0,75,46,0,0,7832,3.13,1.39,55.7
2007.91666666667,2007.12,8910,2711,2240,1322,142,303,2193,78,78.9,86.9,108.8,80.3,108.8,1,1,0,1,1,0,0,76,47,0,0,7862,3.13,1.38,55.7
2008,2008.01,6246,1694,2037,1001,146,214,1153,78.1,79.1,88,109.1,81,109.1,1,1,0,1,1,0,0,77,48,0,0,7748,3.13,1.38,55.6
2008.08333333333,2008.02,6390,1624,2136,1056,173,203,1198,78,79.4,89.6,109.2,81.3,109.2,1,1,0,1,1,1,0,78,49,1,0,7815,3.13,1.38,55.8
2008.16666666667,2008.03,6508,1669,2112,1052,169,171,1336,78.3,79.8,90.1,109.5,81.6,109.5,1,1,0,1,1,1,0,79,50,2,0,7828,3.13,1.38,55.9
2008.25,2008.04,6503,1641,2090,1037,187,169,1379,78.3,80.4,91.7,109.5,82.3,109.5,1,1,0,1,1,1,0,80,51,3,0,7825,3.14,1.4,55.9
2008.33333333333,2008.05,6718,1737,2118,1041,186,188,1449,78,80.7,92.7,109.7,82.4,109.7,1,1,0,1,1,1,0,81,52,4,0,7813,3.13,1.4,55.8
2008.41666666667,2008.06,6477,1577,2088,1004,182,164,1462,78.2,80.9,93.8,109.7,82.7,109.7,1,1,0,1,1,1,0,82,53,5,0,7830,3.13,1.4,55.7
2008.5,2008.07,6443,1621,2051,931,164,151,1525,78.6,81.3,94.2,109.5,83.3,109.5,1,1,0,1,1,1,0,83,54,6,0,7819,3.13,1.41,55.6
2008.58333333333,2008.08,6778,1848,2118,941,174,179,1519,78.7,81.6,94.7,109.3,83.5,109.3,1,1,0,1,1,1,0,84,55,7,0,7797,3.13,1.4,55.7
2008.66666666667,2008.09,6353,1551,2076,1036,176,194,1320,78.3,81.6,94.6,108.9,83.4,108.9,1,1,0,1,1,1,0,85,56,8,0,7838,3.12,1.38,55.5
2008.75,2008.1,6595,1599,2167,1116,172,217,1324,78.5,81.4,95.3,109.3,83.2,109.3,1,1,0,1,1,1,0,86,57,9,0,7809,3.12,1.38,55.5
2008.83333333333,2008.11,6877,1671,2255,1140,156,234,1422,78.6,81.2,95.2,109.5,83,109.5,1,1,0,1,1,1,0,87,58,10,0,7826,3.12,1.37,55.5
2008.91666666667,2008.12,8994,2653,2307,1475,156,284,2119,78.3,81.1,94,109.2,82.5,109.2,1,1,0,1,1,1,0,88,59,11,0,7865,3.12,1.37,55.6
2009,2009.01,6372,1652,2103,1113,164,219,1122,78,81.2,93.7,109.3,82.5,109.3,1,1,0,1,1,1,0,89,60,12,0,7757,3.12,1.37,55.5
2009.08333333333,2009.02,5972,1400,2046,1027,162,186,1152,77.9,81,93.4,109.1,82.5,109.1,1,1,0,1,1,1,0,90,61,13,0,7790,3.11,1.36,55.5
2009.16666666667,2009.03,6496,1621,2147,1065,183,173,1307,78.4,80.8,92.7,109.4,82.5,109.4,1,1,0,1,1,1,0,91,62,14,0,7862,3.11,1.37,55.4
2009.25,2009.04,6231,1509,2013,1033,180,169,1326,78,80.8,92,108.7,82.1,108.7,1,1,0,1,1,1,0,92,63,15,0,7837,3.11,1.37,55.6
2009.33333333333,2009.05,6703,1765,2069,1059,186,172,1451,78.3,80,91.7,109,81.7,109,1,1,0,1,1,1,0,93,64,16,0,7858,3.11,1.38,55.7
2009.41666666667,2009.06,6266,1531,2005,981,182,164,1403,77.4,79.9,91.3,108.5,81.4,108.5,1,1,0,1,1,1,0,94,65,17,0,7821,3.11,1.37,55.8
2009.5,2009.07,6281,1514,1965,948,176,155,1522,77.1,80.1,91.1,108.9,81.2,108.9,1,1,0,1,1,1,0,95,66,18,0,7790,3.11,1.37,56.1
2009.58333333333,2009.08,6568,1858,1998,912,165,201,1433,76.7,80.1,90.8,108.3,80.9,108.3,1,1,0,1,1,1,0,96,67,19,0,7839,3.1,1.37,56.1
2009.66666666667,2009.09,6061,1513,1957,962,169,164,1296,77.5,80,90.5,107.9,81,107.9,1,1,0,1,1,1,0,97,68,20,0,7847,3.1,1.37,56.1
2009.75,2009.1,6497,1582,2129,1067,170,217,1332,77.1,79.9,89.9,107.3,80.7,107.3,1,1,0,1,1,1,0,98,69,21,0,7846,3.1,1.37,56
2009.83333333333,2009.11,6579,1582,2128,1056,153,223,1437,76.5,79.8,90.5,107.7,80.7,107.7,1,1,0,1,1,1,0,99,70,22,0,7822,3.1,1.37,56
2009.91666666667,2009.12,8950,2639,2230,1391,155,314,2221,76.5,79.6,90.3,106.9,80.5,106.9,1,1,0,1,1,1,0,100,71,23,0,7870,3.1,1.37,55.9
2010,2010.01,6162,1579,2002,1068,156,221,1137,77.9,79.9,91,105.7,81.1,105.7,1,1,0,1,1,1,0,101,72,24,0,7801,3.09,1.37,55.8
2010.08333333333,2010.02,5796,1361,1943,1009,160,194,1130,77,79.1,91.1,106.3,80.6,106.3,1,1,0,1,1,1,0,102,73,25,0,7827,3.09,1.37,55.8
2010.16666666667,2010.03,6180,1517,2009,1041,168,175,1270,76.4,79.1,90.9,106.3,80.6,106.3,1,1,0,1,1,1,0,103,74,26,0,7829,3.09,1.37,56
2010.25,2010.04,6000,1462,1923,1023,165,158,1268,76,79.2,90.4,104.2,80.1,104.2,1,1,0,1,1,1,0,104,75,27,0,7793,3.09,1.37,56.2
2010.33333333333,2010.05,6321,1575,1977,1014,174,192,1389,75.4,78.9,91.2,104,80,104,1,1,0,1,1,1,0,105,76,28,0,7806,3.09,1.36,56.4
2010.41666666667,2010.06,5882,1349,1872,944,175,152,1390,75.7,79.3,90.2,105.2,80,105.2,1,1,0,1,1,1,0,106,77,29,0,7802,3.09,1.36,56.6
2010.5,2010.07,6133,1504,1909,903,158,157,1502,75.7,79.9,90.7,105.2,80.4,105.2,1,1,0,1,1,1,0,107,78,30,0,7775,3.09,1.35,56.5
2010.58333333333,2010.08,6235,1606,1953,877,156,182,1461,75.9,79.9,90.1,104.6,80.2,104.6,1,1,0,1,1,1,0,108,79,31,0,7810,3.09,1.35,56.5
2010.66666666667,2010.09,6038,1442,1973,986,160,165,1312,75.4,79.5,89.7,104.9,80,104.9,1,1,0,1,1,1,0,109,80,32,0,7833,3.09,1.34,56.4
2010.75,2010.1,6426,1534,2108,1096,159,223,1306,75.6,79.6,89.5,104.5,79.9,104.5,1,1,0,1,1,1,0,110,81,33,0,7842,3.09,1.36,56.4
2010.83333333333,2010.11,6464,1510,2080,1071,157,202,1444,75.8,79.6,89.6,104.3,80,104.3,1,1,0,1,1,1,0,111,82,34,0,7834,3.08,1.35,56.4
2010.91666666667,2010.12,8660,2526,2210,1355,144,282,2143,76.3,79.3,90.3,103.7,80.3,103.7,1,1,0,1,1,1,0,112,83,35,0,7857,3.08,1.34,56.3
2011,2011.01,6183,1550,2072,1042,156,212,1150,76.8,79.6,91.1,104.2,80.6,104.2,1,1,0,1,1,1,0,113,84,36,0,7790,3.08,1.33,56.2
2011.08333333333,2011.02,5777,1385,1980,932,160,182,1139,76,79.6,91.5,104.1,80.3,104.1,1,1,0,1,1,1,0,114,85,37,0,7808,3.09,1.33,56.5
2011.16666666667,2011.03,6237,1449,2097,1018,170,182,1320,76.4,79.3,91.2,104.3,80.4,104.3,1,1,0,1,1,1,0,115,86,38,0,7474,3.09,1.33,56.6
2011.25,2011.04,6186,1529,2025,970,170,155,1337,77.1,79.6,91.5,104.5,80.8,104.5,1,1,0,1,1,1,0,116,87,39,0,7475,3.09,1.32,56.6
2011.33333333333,2011.05,6397,1572,2004,1039,186,155,1442,76.2,79.6,91.3,104,80.5,104,1,1,0,1,1,1,0,117,88,40,0,7552,3.09,1.33,56.7
2011.41666666667,2011.06,6150,1478,1963,993,173,136,1407,76.1,80,90.8,103.9,80.5,103.9,1,1,0,1,1,1,0,118,89,41,0,7597,3.09,1.34,56.7
2011.5,2011.07,6179,1370,1992,980,154,129,1554,76,80,91,103,80.4,103,1,1,0,1,1,1,0,119,90,42,0,7656,3.08,1.34,57
2011.58333333333,2011.08,6339,1486,2073,970,164,167,1480,75.6,80.1,90.7,103,80.2,103,1,1,0,1,1,1,0,120,91,43,0,7699,3.08,1.34,57.1
2011.66666666667,2011.09,6054,1341,2000,1062,170,158,1323,76.2,80.1,90.7,103.4,80.4,103.4,1,1,0,1,1,1,0,121,92,44,0,7725,3.08,1.33,57
2011.75,2011.1,6445,1452,2136,1154,168,185,1350,76.3,79.3,90.9,103.1,80.4,103.1,1,1,0,1,1,1,0,122,93,45,0,7757,3.08,1.32,56.9
2011.83333333333,2011.11,6613,1431,2151,1147,161,185,1538,76.2,79,90.4,103,80.1,103,1,1,0,1,1,1,0,123,94,46,0,7781,3.07,1.32,57
2011.91666666667,2011.12,8809,2554,2247,1495,150,253,2110,75.6,79.8,90.8,102.8,80.3,102.8,1,1,0,1,1,1,0,124,95,47,0,7796,3.07,1.32,56.9
2012,2012.01,6171,1463,2044,1137,157,189,1182,76.3,79.6,90.6,103,80.5,103,1,1,0,1,1,1,0,125,96,48,0,7754,3.07,1.32,57
2012.08333333333,2012.02,5938,1373,1989,1092,146,165,1173,76,79.9,90.6,102.8,80.5,102.8,1,1,0,1,1,1,0,126,97,49,0,7774,3.07,1.32,57.2
2012.16666666667,2012.03,6210,1468,1998,1102,172,167,1303,76.2,79.6,91,102.8,80.4,102.8,1,1,0,1,1,1,0,127,98,50,0,7784,3.08,1.32,57.2
2012.25,2012.04,6036,1417,1932,1067,161,142,1316,75.6,79.3,89.7,102.8,79.9,102.8,1,1,0,1,1,1,0,128,99,51,0,7757,3.07,1.33,57.3
2012.33333333333,2012.05,6230,1498,1931,1047,169,157,1427,75.1,78.9,89.4,102.4,79.5,102.4,1,1,0,1,1,1,0,129,100,52,0,7798,3.07,1.34,57.3
2012.41666666667,2012.06,5975,1394,1895,987,169,133,1396,75.6,79.3,89,102.5,79.6,102.5,1,1,0,1,1,1,0,130,101,53,0,7801,3.07,1.33,57.5
2012.5,2012.07,5953,1365,1860,924,158,144,1502,75.2,79.5,88.6,101.8,79.7,101.8,1,1,0,1,1,1,0,131,102,54,0,7804,3.07,1.33,57.6
2012.58333333333,2012.08,6129,1558,1888,916,156,168,1444,76.3,79.2,88.2,101.2,80,101.2,1,1,0,1,1,1,0,132,103,55,0,7812,3.06,1.32,57.7
2012.66666666667,2012.09,5838,1337,1901,978,159,146,1317,76.1,79.3,88.4,101.8,80.1,101.8,1,1,0,1,1,1,0,133,104,56,0,7782,3.06,1.33,57.8
2012.75,2012.1,6214,1413,2046,1061,173,187,1334,75.3,79,88,101,79.4,101,1,1,0,1,1,1,0,134,105,57,0,7802,3.06,1.33,57.8
2012.83333333333,2012.11,6377,1406,2062,1070,157,191,1491,75.3,79.1,87.9,101.2,79.4,101.2,1,1,0,1,1,1,0,135,106,58,0,7784,3.06,1.33,57.8
2012.91666666667,2012.12,8643,2517,2225,1388,143,271,2099,75.5,79.4,87.2,100.7,79.3,100.7,1,1,0,1,1,1,0,136,107,59,0,7798,3.06,1.33,57.7
2013,2013.01,6193,1581,2015,1077,153,187,1180,75.7,79.6,87.7,100.2,79.6,100.2,1,1,0,1,1,1,0,137,108,60,0,7722,3.06,1.33,57.6
2013.08333333333,2013.02,5855,1378,1959,1028,147,182,1161,76,79.1,88,100.7,79.6,100.7,1,1,0,1,1,1,0,138,109,61,0,7764,3.06,1.32,57.8
2013.16666666667,2013.03,6474,1616,2113,1082,165,171,1326,75.2,79,87.4,100.6,79.3,100.6,1,1,0,1,1,1,0,139,110,62,0,7770,3.06,1.33,57.9
2013.25,2013.04,6417,1563,2084,1077,168,163,1364,75.5,79.2,87.3,100.7,79.4,100.7,1,1,0,1,1,1,0,140,111,63,0,7801,3.06,1.34,57.8
2013.33333333333,2013.05,6467,1604,2020,1074,168,162,1439,75.9,79.4,87.9,100.7,79.7,100.7,1,1,0,1,1,1,0,141,112,64,0,7788,3.05,1.34,57.7
2013.41666666667,2013.06,6511,1581,2022,1055,185,152,1516,75.8,79,87.1,100.7,79.5,100.7,1,1,0,1,1,1,0,142,113,65,0,7806,3.05,1.34,58
2013.5,2013.07,6402,1476,2025,1001,165,151,1583,77,79.5,87.2,101.9,80.1,101.9,1,1,0,1,1,1,0,143,114,66,0,7761,3.05,1.33,58.1
2013.58333333333,2013.08,6476,1649,2018,962,162,201,1485,77.1,79.3,86.5,103.6,80,103.6,1,1,0,1,1,1,0,144,115,67,0,7803,3.05,1.34,58.1
2013.66666666667,2013.09,6232,1448,2016,1073,170,174,1352,77.6,79.9,87.7,104.3,80.4,104.3,1,1,0,1,1,1,0,145,116,68,0,7826,3.05,1.34,57.9
2013.75,2013.1,6564,1489,2162,1157,169,193,1394,78,80,88.1,104.3,80.7,104.3,1,1,0,1,1,1,0,146,117,69,0,7783,3.05,1.34,58
2013.83333333333,2013.11,6709,1519,2164,1178,151,205,1493,78.6,79.8,88,104.8,81,104.8,1,1,0,1,1,1,0,147,118,70,0,7764,3.04,1.34,58
2013.91666666667,2013.12,9026,2655,2391,1496,149,269,2067,79.4,80.1,89.4,104,81.8,104,1,1,0,1,1,1,0,148,119,71,0,7818,3.05,1.35,57.9
2014,2014.01,6624,1649,2208,1184,164,196,1222,80.3,81.2,90.6,104.5,82.6,104.5,1,1,0,1,1,1,0,149,120,72,0,7729,3.04,1.35,57.9
2014.08333333333,2014.02,6291,1391,2200,1138,168,181,1213,80,80.6,91.1,104,82.6,104,1,1,0,1,1,1,0,150,121,73,0,7746,3.04,1.33,58
2014.16666666667,2014.03,6829,1602,2268,1213,182,171,1394,81,81,92,104.6,83.5,104.6,1,1,0,1,1,1,0,151,122,74,0,7810,3.04,1.32,58.2
2014.25,2014.04,6605,1545,2189,1130,187,155,1398,83.2,83.5,94.7,107.2,85.9,107.2,1,1,1,1,1,1,0,152,123,75,0,7733,3.04,1.33,58.3
2014.33333333333,2014.05,7085,1813,2230,1162,186,174,1521,83.1,85.1,95.5,107.4,86.7,107.4,1,1,1,1,1,1,0,153,124,76,0,7770,3.04,1.32,58.3
2014.41666666667,2014.06,6945,1668,2246,1139,195,155,1543,83.3,86.2,95.4,107.4,87.5,107.4,1,1,1,1,1,1,0,154,125,77,0,7791,3.03,1.31,58.2
2014.5,2014.07,6879,1623,2211,1104,199,143,1599,83,87.4,95.3,107.9,87.9,107.9,1,1,1,1,1,1,1,155,126,78,1,7720,3.03,1.31,58.1
2014.58333333333,2014.08,7223,1910,2299,1115,201,184,1514,84,88,95.6,107.8,88.7,107.8,1,1,1,1,1,1,1,156,127,79,2,7789,3.03,1.31,58.2
2014.66666666667,2014.09,6768,1583,2219,1199,197,173,1396,84.4,88.3,95.4,108.5,88.9,108.5,1,1,1,1,1,1,1,157,128,80,3,7788,3.03,1.3,58.3
2014.75,2014.1,7235,1675,2428,1248,200,191,1492,83.7,88,95.3,108.2,88.9,108.2,1,1,1,1,1,1,1,158,129,81,4,7775,3.03,1.29,58.5
2014.83333333333,2014.11,7434,1648,2459,1277,195,214,1640,84.5,88.5,96.7,108,89.6,108,1,1,1,1,1,1,1,159,130,82,5,7823,3.03,1.3,58.6
2014.91666666667,2014.12,10011,3013,2665,1618,182,317,2216,84.4,88.4,97.4,107.7,89.8,107.7,1,1,1,1,1,1,1,160,131,83,6,7810,3.03,1.31,58.7
2015,2015.01,7085,1771,2420,1239,184,207,1264,85.6,90.3,97.8,108.2,90.6,108.2,1,1,1,1,1,1,1,161,132,84,7,7761,3.02,1.32,58.6
2015.08333333333,2015.02,6776,1486,2382,1232,194,193,1290,85.3,90.9,97.7,108.3,90.8,108.3,1,1,1,1,1,1,1,162,133,85,8,7779,3.03,1.33,58.8
2015.16666666667,2015.03,7187,1612,2490,1283,196,188,1417,86.4,91.2,97.8,108.6,91.2,108.6,1,1,1,1,1,1,1,163,134,86,9,7763,3.02,1.34,58.7
2015.25,2015.04,7237,1628,2460,1296,207,178,1468,87.7,90.9,98.3,109,91.6,109,1,1,1,1,1,1,1,164,135,87,10,7778,3.02,1.36,58.6
2015.33333333333,2015.05,7444,1790,2444,1239,207,195,1569,86.9,91.5,98.3,109.2,91.5,109.2,1,1,1,1,1,1,1,165,136,88,11,7786,3.02,1.35,58.7
2015.41666666667,2015.06,7127,1544,2454,1214,215,165,1536,87.4,91.9,98.5,109,91.9,109,1,1,1,1,1,1,1,166,137,89,12,7768,3.02,1.36,58.8
2015.5,2015.07,7187,1634,2376,1143,205,157,1672,87.7,91.9,97.4,108.8,91.9,108.8,1,1,1,1,1,1,1,167,138,90,13,7731,3.02,1.36,59
2015.58333333333,2015.08,7444,1824,2436,1128,198,204,1653,87.8,92.2,96.9,108.1,92,108.1,1,1,1,1,1,1,1,168,139,91,14,7795,3.01,1.36,58.9
2015.66666666667,2015.09,7036,1590,2387,1228,215,185,1432,88.5,92,97.6,108.6,92.6,108.6,1,1,1,1,1,1,1,169,140,92,15,7803,3.01,1.35,58.9
2015.75,2015.1,7385,1660,2572,1298,210,220,1424,88.4,92.3,98.7,108.2,92.8,108.2,1,1,1,1,1,1,1,170,141,93,16,7795,3.01,1.35,59.1
2015.83333333333,2015.11,7485,1667,2586,1330,212,224,1466,89.2,92.3,98.7,108.1,93.1,108.1,1,1,1,1,1,1,1,171,142,94,17,7749,3.01,1.35,59
2015.91666666667,2015.12,9974,2919,2706,1677,187,308,2177,90.4,92.4,98.7,107.9,93.6,107.9,1,1,1,1,1,1,1,172,143,95,18,7751,3.01,1.35,59.1
2016,2016.01,7469,1843,2575,1336,199,236,1280,91.1,92.2,98.8,107.8,93.8,107.8,1,1,1,1,1,1,1,173,144,96,19,7762,3,1.36,58.9
2016.08333333333,2016.02,7145,1650,2492,1292,205,217,1290,90.7,91.7,99.3,108.1,93.7,108.1,1,1,1,1,1,1,1,174,145,97,20,7759,3,1.36,59.1
2016.16666666667,2016.03,7313,1737,2474,1302,218,188,1393,91.3,92,98.2,108.3,93.8,108.3,1,1,1,1,1,1,1,175,146,98,21,7724,3,1.35,59.1
2016.25,2016.04,7178,1733,2404,1226,216,183,1417,91.3,91,98.1,108.3,93.5,108.3,1,1,1,1,1,1,1,176,147,99,22,7703,3,1.36,59.1
2016.33333333333,2016.05,7472,1839,2425,1253,220,192,1543,91.4,91.1,97.9,107.5,93.6,107.5,1,1,1,1,1,1,1,177,148,100,23,7735,2.99,1.35,59.2
2016.41666666667,2016.06,6993,1648,2317,1154,212,152,1510,92.2,91.7,98.3,107.4,94,107.4,1,1,1,1,1,1,1,178,149,101,24,7709,2.99,1.36,59.2
2016.5,2016.07,7303,1732,2341,1123,207,170,1730,92.2,92.2,98.1,107.3,94.3,107.3,1,1,1,1,1,1,1,179,150,102,25,7656,2.99,1.35,59.3
2016.58333333333,2016.08,7378,1880,2385,1114,211,224,1563,93.1,92.5,97.2,107,94.2,107,1,1,1,1,1,1,1,180,151,103,26,7657,2.99,1.33,59.3
2016.66666666667,2016.09,6801,1529,2331,1189,207,177,1368,93.6,92.3,97.7,107.1,94.4,107.1,1,1,1,1,1,1,1,181,152,104,27,7697,2.99,1.32,59.3
2016.75,2016.1,7264,1628,2529,1303,203,214,1387,93.3,91.4,98.2,106.6,94.2,106.6,1,1,1,1,1,1,1,182,153,105,28,7708,2.99,1.32,59.3
2016.83333333333,2016.11,7507,1680,2505,1352,201,206,1563,93.5,91.9,97.7,106.6,94.5,106.6,1,1,1,1,1,1,1,183,154,106,29,7699,2.98,1.32,59.3
2016.91666666667,2016.12,9717,2938,2688,1646,188,298,1961,94.4,91.8,98.3,105.9,94.6,105.9,1,1,1,1,1,1,1,184,155,107,30,7720,2.98,1.31,59.5
2017,2017.01,7280,1759,2547,1325,192,222,1234,94.7,91.8,98.9,105.9,95,105.9,1,1,1,1,1,1,1,185,156,108,31,7673,2.98,1.31,59.4
2017.08333333333,2017.02,6720,1459,2403,1246,193,207,1212,95,92.2,99,105.8,95.4,105.8,1,1,1,1,1,1,1,186,157,109,32,7714,2.98,1.32,59.5
2017.16666666667,2017.03,7242,1645,2497,1307,219,197,1376,95.8,92.3,99.1,105.9,95.6,105.9,1,1,1,1,1,1,1,187,158,110,33,7689,2.98,1.32,59.6
2017.25,2017.04,7140,1665,2414,1268,221,175,1397,95.6,92.5,99.6,105.2,95.6,105.2,1,1,1,1,1,1,1,188,159,111,34,7719,2.97,1.32,59.6
2017.33333333333,2017.05,7436,1793,2436,1287,225,178,1516,96.5,92.7,99.8,104.6,96.2,104.6,1,1,1,1,1,1,1,189,160,112,35,7735,2.98,1.32,59.4
2017.41666666667,2017.06,7179,1665,2378,1232,235,161,1507,96.4,92.4,99.6,104.6,95.9,104.6,1,1,1,1,1,1,1,190,161,113,36,7706,2.98,1.32,59.5
2017.5,2017.07,7323,1694,2412,1184,231,172,1629,96.2,93.8,99.8,104.8,96.2,104.8,1,1,1,1,1,1,1,191,162,114,37,7710,2.98,1.3,59.6
2017.58333333333,2017.08,7611,1972,2419,1180,227,217,1596,95.8,94.2,99.9,104.4,96.6,104.4,1,1,1,1,1,1,1,192,163,115,38,7738,2.98,1.32,59.6
2017.66666666667,2017.09,7214,1655,2457,1269,221,210,1401,96.6,94.6,100.4,104.4,97,104.4,1,1,1,1,1,1,1,193,164,116,39,7729,2.98,1.32,59.5
2017.75,2017.1,7777,1801,2680,1403,220,233,1440,95.8,95,100.6,104.2,96.8,104.2,1,1,1,1,1,1,1,194,165,117,40,7737,2.98,1.33,59.7
2017.83333333333,2017.11,7719,1745,2614,1387,203,241,1529,96.3,95.9,99.4,104.3,97,104.3,1,1,1,1,1,1,1,195,166,118,41,7678,2.98,1.34,59.8
2017.91666666667,2017.12,10154,3107,2771,1728,196,299,2053,96.3,96.2,100.7,103.3,97.3,103.3,1,1,1,1,1,1,1,196,167,119,42,7671,2.98,1.34,59.7
2018,2018.01,7454,1756,2626,1389,196,231,1256,97.2,95.7,101,103.3,97.6,103.3,1,1,1,1,1,1,1,197,168,120,43,7596,2.98,1.34,59.6
2018.08333333333,2018.02,7013,1584,2488,1306,198,212,1223,95.6,95.8,101.1,103.5,97.1,103.5,1,1,1,1,1,1,1,198,169,121,44,7654,2.97,1.34,59.5
2018.16666666667,2018.03,7370,1726,2521,1320,209,203,1391,95.7,94.8,100.6,103.2,97,103.2,1,1,1,1,1,1,1,199,170,122,45,7656,2.97,1.34,59.2
2018.25,2018.04,7318,1719,2492,1281,209,196,1420,95.9,94,100.7,103,96.7,103,1,1,1,1,1,1,1,200,171,123,46,7662,2.97,1.36,59.2
2018.33333333333,2018.05,7522,1749,2565,1316,227,197,1467,95.5,94.5,99.9,102.5,96.8,102.5,1,1,1,1,1,1,1,201,172,124,47,7648,2.97,1.35,59.3
2018.41666666667,2018.06,7303,1692,2495,1231,227,186,1474,95,94.7,99.5,102.2,96.5,102.2,1,1,1,1,1,1,1,202,173,125,48,7649,2.97,1.36,59.3
2018.5,2018.07,7310,1676,2483,1194,216,191,1551,96,95.5,99,102,97,102,1,1,1,1,1,1,1,203,174,126,49,7648,2.98,1.36,59.2
2018.58333333333,2018.08,7414,1874,2428,1163,207,231,1510,96.8,96.2,98.6,101.5,97.4,101.5,1,1,1,1,1,1,1,204,175,127,50,7671,2.98,1.36,59.3
2018.66666666667,2018.09,7352,1665,2546,1302,239,208,1390,96.7,96.2,100.1,101.9,97.9,101.9,1,1,1,1,1,1,1,205,176,128,51,7617,2.97,1.35,59.4
2018.75,2018.1,7568,1735,2605,1371,224,229,1405,96.5,96.6,99.9,101.4,97.9,101.4,1,1,1,1,1,1,1,206,177,129,52,7620,2.98,1.35,59.4
2018.83333333333,2018.11,7507,1698,2584,1339,212,218,1457,96.5,96.6,99.9,101.5,97.7,101.5,1,1,1,1,1,1,1,207,178,130,53,7600,2.98,1.35,59.2
2018.91666666667,2018.12,9819,2997,2758,1665,202,308,1888,96.8,96.6,100,101.7,97.8,101.7,1,1,1,1,1,1,1,208,179,131,54,7639,2.98,1.34,59.1
2019,2019.01,7422,1810,2592,1348,209,221,1241,97.9,96.5,100.7,101.8,98.3,101.8,1,1,1,1,1,1,1,209,180,132,55,7555,2.98,1.34,59.2
2019.08333333333,2019.02,6888,1515,2425,1298,208,209,1233,97.3,96.4,100.5,101.4,98.1,101.4,1,1,1,1,1,1,1,210,181,133,56,7572,2.98,1.33,59.2
2019.16666666667,2019.03,7364,1671,2538,1332,227,195,1401,98.1,96.5,100.2,101.1,98.4,101.1,1,1,1,1,1,1,1,211,182,134,57,7581,2.97,1.33,59.2
2019.25,2019.04,7149,1682,2394,1271,215,182,1405,97.9,96.5,99.3,101.2,98.3,101.2,1,1,1,1,1,1,1,212,183,135,58,7541,2.97,1.33,59.4
2019.33333333333,2019.05,7375,1777,2393,1296,225,191,1493,97.8,97,98.7,101,98.2,101,1,1,1,1,1,1,1,213,184,136,59,7548,2.97,1.34,59.5
2019.41666666667,2019.06,7212,1625,2408,1268,224,175,1513,97.6,96.9,99.1,101.4,98.4,101.4,1,1,1,1,1,1,1,214,185,137,60,7553,2.97,1.35,59.6
2019.5,2019.07,7029,1518,2358,1185,229,162,1578,97.7,97.3,99.7,101.3,98.7,101.3,1,1,1,1,1,1,1,215,186,138,61,7501,2.96,1.35,59.6
2019.58333333333,2019.08,7343,1853,2335,1121,212,239,1583,98.2,97.6,99.6,101,99,101,1,1,1,1,1,1,1,216,187,139,62,7479,2.96,1.35,59.6
2019.66666666667,2019.09,7126,1560,2438,1242,236,199,1451,97.1,97.4,99.3,101,98.6,101,1,1,1,1,1,1,1,217,188,140,63,7517,2.96,1.35,59.5
2019.75,2019.1,7282,1522,2555,1312,223,215,1454,97.7,97.4,98.5,100.9,98.8,100.9,1,1,1,1,1,1,1,218,189,141,64,7470,2.96,1.35,59.3
2019.83333333333,2019.11,7436,1649,2516,1309,208,234,1521,98.9,97.6,100,100.8,99.3,100.8,1,1,1,1,1,1,1,219,190,142,65,7466,2.96,1.34,59.3
2019.91666666667,2019.12,9737,2996,2685,1605,196,298,1957,99.7,97,99,100.1,99,100.1,1,1,1,1,1,1,1,220,191,143,66,7481,2.96,1.34,59.4
2020,2020.01,7162,1704,2469,1309,211,220,1250,100,99.1,100.8,100.5,99.9,100.5,1,1,1,1,1,1,1,221,192,144,67,7443,2.96,1.34,59.3
2020.08333333333,2020.02,7261,1664,2545,1310,222,211,1309,100.3,98.4,99.3,100.1,99.3,100.1,1,1,1,1,1,1,1,222,193,145,68,7475,2.96,1.33,59.3
2020.16666666667,2020.03,8155,1848,2820,1451,262,231,1544,99.4,98.5,98.9,100.4,99.2,100.4,1,1,1,1,1,1,1,223,194,146,69,7489,2.96,1.32,59.5
2020.25,2020.04,8610,1976,2907,1574,300,245,1609,99.2,98.4,99.2,100.2,99.2,100.2,1,1,1,1,1,1,1,224,195,147,70,7534,2.96,1.33,59.5
2020.33333333333,2020.05,9115,2268,2942,1578,312,304,1710,100.5,99.6,99.8,100.4,99.8,100.4,1,1,1,1,1,1,1,225,196,148,71,7430,2.96,1.33,59.6
2020.41666666667,2020.06,8009,1811,2678,1408,271,227,1613,100.5,100.4,99.7,100.3,100.2,100.3,1,1,1,1,1,1,1,226,197,149,72,7489,2.95,1.33,59.8
2020.5,2020.07,8003,1797,2671,1364,270,210,1691,100.8,100.6,99.9,100.2,101,100.2,1,1,1,1,1,1,1,227,198,150,73,7521,2.95,1.33,59.9
2020.58333333333,2020.08,8406,2113,2710,1348,270,292,1673,99.4,100.7,98.7,99.6,99.9,99.6,1,1,1,1,1,1,1,228,199,151,74,7557,2.95,1.34,59.9
2020.66666666667,2020.09,7735,1801,2605,1327,255,231,1517,99.4,100.9,99.8,99.9,99.8,99.9,1,1,1,1,1,1,1,229,200,152,75,7535,2.95,1.34,59.9
2020.75,2020.1,7960,1771,2751,1424,250,250,1513,100.3,101.2,101,99.5,100.5,99.5,1,1,1,1,1,1,1,230,201,153,76,7532,2.94,1.35,59.9
2020.83333333333,2020.11,8146,1836,2746,1425,229,271,1640,100,101.3,101.2,99.5,100.5,99.5,1,1,1,1,1,1,1,231,202,154,77,7506,2.94,1.35,60.1
2020.91666666667,2020.12,10510,3088,3017,1763,228,356,2058,100.3,100.8,102,99.3,100.6,99.3,1,1,1,1,1,1,1,232,203,155,78,7540,2.95,1.35,60.1
2021,2021.01,8097,1920,2817,1469,240,271,1379,100.6,101.3,103.5,99.5,101.1,99.5,1,1,1,1,1,1,1,233,204,156,79,7485,2.94,1.35,60.3
2021.08333333333,2021.02,7456,1670,2594,1359,233,255,1344,100.6,101.1,103.2,99.6,100.8,99.6,1,1,1,1,1,1,1,234,205,157,80,7485,2.94,1.34,60.3
2021.16666666667,2021.03,7856,1845,2641,1406,258,219,1487,100.3,101.3,102.4,99.5,100.7,99.5,1,1,1,1,1,1,1,235,206,158,81,7425,2.94,1.34,60.4
2021.25,2021.04,7732,1759,2594,1384,248,230,1517,100,100.6,102.2,99.4,100.4,99.4,1,1,1,1,1,1,1,236,207,159,82,7459,2.93,1.34,60
2021.33333333333,2021.05,8386,2096,2701,1426,267,291,1605,99,100.4,101.9,99.2,100.1,99.2,1,1,1,1,1,1,1,237,208,160,83,7459,2.93,1.34,60
2021.41666666667,2021.06,7670,1765,2506,1328,263,242,1566,100.7,100.9,101.6,99.7,100.6,99.7,1,1,1,1,1,1,1,238,209,161,84,7401,2.93,1.34,60.1
2021.5,2021.07,7722,1813,2527,1265,257,236,1625,100.2,100.7,102.4,99.4,100.9,99.4,1,1,1,1,1,1,1,239,210,162,85,7370,2.93,1.32,60.1
2021.58333333333,2021.08,8381,2113,2705,1341,271,312,1639,101.4,101.2,100.6,99.4,101.2,99.4,1,1,1,1,1,1,1,240,211,163,86,7397,2.93,1.33,60.1
