"Month","TC","M","px1","px2","px3","px4","px5","px6","px7","px8","px9","pTC","pM","p1","p2","p3","p4","p5","p6","p7","p8","p9","Dmy_BSE","Dmy_BFl","Dmy_Gyz","Dmy_Mac","Dmy_T1","Dmy_T2","Dmy_T3","weight","n_members","n_workers","age"
19870100,6828,5835,2452,1933,1020,144,285,993,389,380,149,58.7,54.5,51.6,52.7,66,79.8,51,79.8,86.3,81.5,63.4,0,0,0,0,0,0,0,7941,3.71,1.57,47.8
19870200,7280,6079,2537,2038,1061,166,277,1201,445,470,189,58.6,54.4,51.6,52.6,65.7,79.7,50.4,79.7,86.3,81.6,63.2,0,0,0,0,0,0,0,7970,3.7,1.57,47.9
19870300,7835,6429,2746,2140,1104,171,268,1406,555,535,208,58.5,54.3,51.5,52.6,65.3,79.6,50.9,79.6,86,81.6,62.8,0,0,0,0,0,0,0,7990,3.7,1.59,48
19870400,7583,6149,2573,2074,1073,172,256,1434,567,571,195,58.2,54,51.5,52.4,64.4,79.3,51,79.3,85.8,81.1,62.3,0,0,0,0,0,0,0,8003,3.68,1.6,48
19870500,7784,6266,2650,2112,1071,176,258,1518,613,589,215,58.2,54,51.6,52.5,64.2,79.2,49.8,79.2,85.7,81.2,62.1,0,0,0,0,0,0,0,8010,3.68,1.62,48.1
19870600,7459,5926,2464,2026,1005,173,257,1533,673,554,205,58,53.8,51.6,52.6,64,79.3,46.8,79.3,85.8,81.1,62.1,0,0,0,0,0,0,0,8010,3.67,1.63,48
19870700,7685,5975,2573,2018,966,167,252,1710,883,511,187,58,53.7,51.6,52.8,63.5,79.3,45.9,79.3,85.8,81,62.6,0,0,0,0,0,0,0,8000,3.66,1.64,48.2
19870800,7767,6210,2803,2055,946,156,251,1557,743,510,184,57.9,53.7,51.7,52.6,63.2,79.2,45.8,79.2,85.6,80.8,62.5,0,0,0,0,0,0,0,7976,3.66,1.63,48.2
19870900,7700,6233,2618,2099,1077,182,257,1467,579,583,201,57.9,53.6,51.6,52.7,63.3,79.3,46.4,79.3,85.8,81.3,62.5,0,0,0,0,0,0,0,8000,3.65,1.64,48
19871000,7967,6526,2807,2154,1141,166,258,1441,556,572,198,57.9,53.6,51.8,52.6,63.3,79.2,46.8,79.2,85.9,81.2,62.3,0,0,0,0,0,0,0,7996,3.66,1.63,47.9
19871100,7722,6387,2750,2107,1110,158,262,1335,525,518,203,57.8,53.4,51.9,52.4,63.2,79.3,46.3,79.3,85.9,81.5,62.4,0,0,0,0,0,0,0,7993,3.63,1.62,48.1
19871200,11348,8383,4205,2245,1464,144,325,2964,2075,513,196,57.8,53.5,52.2,52.3,63,79.2,46,79.2,85.9,81.3,62.3,0,0,0,0,0,0,0,8021,3.63,1.6,48.3
19880100,6811,5798,2659,1813,929,155,242,1013,386,391,143,57.8,53.5,52.2,52.2,63,79.3,46.2,79.3,86,81.3,62.2,0,0,0,0,0,0,0,7946,3.65,1.59,48
19880200,7417,6201,2743,1982,1028,172,275,1216,448,490,186,57.8,53.4,52.2,52.1,63,79.2,46.3,79.2,85.7,81.3,62.1,0,0,0,0,0,0,0,7990,3.64,1.59,48
19880300,7716,6417,2962,1996,1035,177,247,1299,490,508,207,57.6,53.3,52.1,52,62.6,79.2,46.2,79.2,85.7,81.3,62,0,0,0,0,0,0,0,7987,3.62,1.59,48.3
19880400,7481,6091,2747,1937,1017,170,219,1390,552,540,205,57.6,53.3,52.1,52,62.4,79,46.6,79,85.6,81.1,61.4,0,0,0,0,0,0,0,7986,3.62,1.61,48.4
19880500,7636,6170,2764,2003,999,180,223,1467,604,561,208,57.6,53.3,52.2,52,62.2,78.9,45.4,78.9,85.5,81.2,61.4,0,0,0,0,0,0,0,8001,3.63,1.62,48.3
19880600,7398,5939,2644,1944,969,174,209,1459,611,532,212,57.6,53.3,52.1,52.2,62.2,78.9,44.4,78.9,85.5,81.2,61.3,0,0,0,0,0,0,0,7993,3.61,1.63,48.4
19880700,7694,6023,2726,1983,922,171,221,1671,805,533,198,57.6,53.3,52.1,52.4,62.1,78.9,43.9,78.9,85.5,81.4,61.4,0,0,0,0,0,0,0,7992,3.62,1.62,48.4
19880800,7518,5997,2766,1940,894,163,233,1521,684,526,177,57.6,53.3,52.1,52.5,62,78.8,44.2,78.8,85.4,81.1,61.2,0,0,0,0,0,0,0,7979,3.63,1.62,48.5
19880900,7380,5978,2575,2000,1002,177,223,1402,550,571,197,57.6,53.4,52.2,52.5,61.9,78.8,44.5,78.8,85.3,81.1,61.1,0,0,0,0,0,0,0,7987,3.64,1.62,48.4
19881000,7679,6298,2706,2119,1076,165,232,1382,520,573,200,57.5,53.3,52.2,52.4,62,78.8,44.8,78.8,85.4,81.1,61,0,0,0,0,0,0,0,7971,3.65,1.62,48.3
19881100,7448,6140,2660,2038,1027,167,249,1308,523,509,190,57.5,53.2,52.2,52,61.8,78.9,44.6,78.9,85.7,81.2,61,0,0,0,0,0,0,0,7974,3.65,1.62,48.1
19881200,10884,7954,4034,2130,1331,155,305,2929,2046,508,187,57.5,53.2,52.2,52,61.8,78.9,44.8,78.9,85.6,81.5,61,0,0,0,0,0,0,0,7988,3.64,1.62,48.2
19890100,6501,5486,2479,1761,868,151,226,1015,388,403,143,57.4,53.1,52.4,51.8,61.8,78.8,44.5,78.8,85.6,81.1,61,0,0,0,0,0,0,0,7926,3.63,1.61,48
19890200,6863,5721,2523,1891,908,165,235,1141,415,472,181,57.3,53,52.4,51.8,61.4,78.8,44.6,78.8,85.5,80.8,61,0,0,0,0,0,0,0,7961,3.63,1.61,48.1
19890300,7567,6214,2796,2020,988,177,232,1353,515,541,208,57.4,53.1,52.6,51.8,61.4,78.7,44.9,78.7,85.5,80.7,60.9,0,0,0,0,0,0,0,7986,3.62,1.6,48.1
19890400,7373,5935,2634,1931,984,172,215,1438,542,584,209,58.6,54.2,54.1,52.8,62.2,80.4,45.5,80.4,87.2,82.5,61.8,0,0,0,0,1,0,0,7974,3.6,1.6,48.2
19890500,7750,6222,2760,2013,1032,182,235,1528,594,611,226,58.6,54.3,54.2,52.9,62.1,80.5,45.4,80.5,87.2,82.6,61.8,0,0,0,0,1,0,0,7978,3.6,1.61,48.5
19890600,7529,6032,2636,2017,979,183,216,1497,612,583,216,58.7,54.3,54.2,53,62.2,80.4,45.6,80.4,86.7,82.9,61.6,0,0,0,0,1,0,0,7979,3.61,1.62,48.5
19890700,7736,6027,2756,1972,915,164,220,1709,834,556,190,58.8,54.4,54.1,53.3,62.1,80.4,45.9,80.4,86.6,82.7,61.6,0,0,0,0,1,0,0,7988,3.62,1.62,48.6
19890800,7739,6210,2943,1959,913,156,238,1529,696,529,181,58.7,54.4,54.1,53.4,62,80.4,45.9,80.4,86.6,82.6,61.8,0,0,0,0,1,0,0,7973,3.61,1.6,48.6
19890900,7796,6288,2775,2065,1035,174,240,1508,589,609,205,58.7,54.3,54.2,53.3,61.8,80.3,45.3,80.3,86.5,82.5,61.6,0,0,0,0,1,0,0,7991,3.62,1.6,48.7
19891000,7908,6506,2889,2131,1060,165,261,1402,535,577,202,58.7,54.3,54.3,53.3,62,80.3,45.3,80.3,86.3,82.5,61.9,0,0,0,0,1,0,0,7999,3.6,1.59,48.9
19891100,7806,6427,2898,2082,1028,164,255,1379,551,536,211,58.7,54.3,54.4,53.4,62.1,80.4,45,80.4,86.5,82.6,62,0,0,0,0,1,0,0,7978,3.6,1.59,48.9
19891200,11586,8413,4354,2206,1343,163,347,3173,2242,557,187,58.7,54.4,54.5,53.2,62,80.2,45.3,80.2,86.4,82.5,61.7,0,0,0,0,1,0,0,7982,3.6,1.59,49
19900100,6693,5699,2554,1830,929,147,240,993,365,402,145,58.8,54.5,54.7,53.3,62.3,80.2,45.9,80.2,86.5,82.4,61.8,0,0,0,0,1,0,0,7929,3.59,1.58,49
19900200,6995,5857,2582,1917,931,171,256,1138,417,463,180,58.8,54.6,54.7,53.2,62.3,80.1,46.8,80.1,86.4,82.4,61.8,0,0,0,0,1,0,0,7964,3.59,1.58,49.1
19900300,7680,6370,2908,2038,994,184,246,1311,495,513,206,59,54.6,54.7,53.3,62.4,80.3,47.2,80.3,86.4,82.8,61.7,0,0,0,0,1,0,0,7980,3.6,1.58,49.1
19900400,7666,6254,2852,1996,998,178,230,1413,554,565,199,59.1,54.8,54.8,53.3,62.6,80.2,48.5,80.2,86.3,82.7,61.9,0,0,0,0,1,0,0,7965,3.57,1.61,49.4
19900500,7838,6367,2860,2060,1023,190,234,1470,595,571,212,59.3,55.1,55,53.5,63,80.3,49.1,80.3,86.3,82.8,62.1,0,0,0,0,1,0,0,7975,3.56,1.6,49.6
19900600,7628,6094,2753,1968,968,189,217,1533,668,554,215,59.9,55.2,55,54.1,62.8,83.2,49.1,83.2,88.7,87.3,63.6,0,0,0,0,1,0,0,7980,3.55,1.61,49.4
19900700,7959,6190,2856,2005,923,171,235,1769,892,558,198,60.3,55.5,55.5,54.6,62.8,84.1,49.6,84.1,89.7,88.4,64.3,0,0,0,0,1,0,0,7982,3.56,1.61,49.4
19900800,8039,6415,3126,2008,890,168,223,1624,762,565,191,60.5,55.7,55.5,55,62.7,84.6,49.8,84.6,90.3,88.8,64.4,0,0,0,0,1,0,0,7982,3.54,1.61,49.5
19900900,7944,6380,2837,2096,1027,183,239,1563,602,648,218,60.8,56,55.5,55.5,63.2,85,49.8,85,90.8,89.5,64.7,0,0,0,0,1,0,0,7994,3.53,1.61,49.6
19901000,8110,6576,2930,2138,1096,176,236,1535,583,649,216,60.9,56,55.6,55.3,63.6,85.2,50.2,85.2,90.9,89.9,64.2,0,0,0,0,1,0,0,7987,3.55,1.6,49.6
19901100,7868,6385,2850,2081,1050,164,239,1483,594,583,213,60.9,56.1,55.7,55,63.5,85.3,51.1,85.3,90.9,90.1,64.8,0,0,0,0,1,0,0,7985,3.56,1.62,49.6
19901200,11700,8611,4461,2285,1393,158,315,3089,2143,580,198,60.9,56.1,56.1,54.7,63.7,85.7,51.2,85.7,91.2,90.6,64.9,0,0,0,0,1,0,0,7994,3.56,1.62,49.7
19910100,7041,5918,2700,1861,959,159,239,1124,432,451,161,61.1,56.2,56.4,54.8,63.7,85.8,51.2,85.8,91.2,90.8,65.2,0,0,0,0,1,0,0,7934,3.57,1.62,49.8
19910200,7295,6074,2726,1931,1006,161,249,1221,434,512,195,61.2,56.3,56.7,54.7,63.7,86,51.3,86,91.3,90.9,65.2,0,0,0,0,1,0,0,7961,3.58,1.61,49.7
19910300,8028,6611,3125,2040,1031,183,231,1417,544,572,214,61.2,56.3,56.7,54.6,63.7,85.9,51.5,85.9,91.3,90.9,65,0,0,0,0,1,0,0,7988,3.58,1.61,49.7
19910400,7867,6322,2919,1972,1024,184,223,1545,585,635,229,61.2,56.3,56.7,54.6,63.6,86,51.5,86,91.3,90.9,65.4,0,0,0,0,1,0,0,7995,3.57,1.64,49.8
19910500,8071,6449,2985,2010,1039,196,219,1621,631,656,242,61.4,56.6,56.8,54.9,64,86.1,52.6,86.1,91.3,91.1,65.3,0,0,0,0,1,0,0,7984,3.57,1.64,49.6
19910600,7902,6292,2927,1990,982,180,213,1610,665,619,235,61.6,56.8,56.7,55.6,63.9,86,52.4,86,91.4,90.9,65.3,0,0,0,0,1,0,0,7990,3.57,1.64,49.7
19910700,8006,6222,2949,1951,922,172,229,1783,821,584,221,61.8,57.1,56.8,56.3,63.9,86,52.6,86,91.3,90.9,65.5,0,0,0,0,1,0,0,7979,3.57,1.65,49.5
19910800,8258,6580,3216,1988,938,182,256,1679,750,601,205,62,57.2,56.7,56.6,63.9,85.9,53.6,85.9,91.2,90.9,65.3,0,0,0,0,1,0,0,7956,3.57,1.65,49.7
19910900,7994,6402,2920,2038,1010,187,248,1593,618,651,229,62,57.3,57.1,56.5,64,85.9,53.9,85.9,91.1,90.8,65.3,0,0,0,0,1,0,0,7970,3.56,1.66,49.6
19911000,8199,6629,2949,2116,1118,183,263,1570,590,653,241,62,57.3,57.2,56.2,64.1,85.9,54.1,85.9,91,91,65.5,0,0,0,0,1,0,0,7995,3.55,1.64,49.7
19911100,7924,6440,2866,2053,1076,168,276,1485,576,596,224,62.1,57.3,57.5,56.1,64.2,85.9,54.4,85.9,90.9,90.7,65.5,0,0,0,0,1,0,0,7975,3.55,1.64,49.8
19911200,11923,8611,4498,2187,1425,162,339,3312,2307,597,211,62.1,57.3,57.5,56.1,64.1,85.8,55,85.8,90.9,90.8,64.8,0,0,0,0,1,0,0,7988,3.55,1.62,49.7
19920100,6997,5890,2662,1835,986,162,244,1107,415,454,168,62.3,57.5,57.7,56.1,64.5,85.9,55,85.9,90.8,90.9,65.5,0,0,0,0,1,0,0,7912,3.54,1.61,49.7
19920200,7698,6389,2877,2005,1044,176,287,1309,473,540,211,62.3,57.6,57.7,56.2,64.5,85.9,55.6,85.9,90.7,90.8,65.4,0,0,0,0,1,0,0,7954,3.56,1.61,49.8
19920300,7925,6487,2984,2007,1037,184,276,1437,547,578,219,62.4,57.7,57.8,56.3,64.4,85.8,56.1,85.8,90.9,90.6,65.2,0,0,0,0,1,0,0,7952,3.55,1.61,49.9
19920400,7689,6150,2749,1941,1046,189,224,1539,609,622,226,62.5,57.8,57.9,56.3,64.6,85.9,55.8,85.9,90.8,90.8,65.5,0,0,0,0,1,0,0,7975,3.54,1.63,49.7
19920500,8167,6518,2976,2046,1062,199,235,1649,618,677,233,62.4,57.7,57.7,56.3,64.7,85.8,54.9,85.8,90.7,90.6,64.8,0,0,0,0,1,0,0,7993,3.55,1.65,49.9
19920600,7758,6129,2790,1938,982,192,227,1629,634,651,238,62.3,57.6,57.8,56.2,64.8,85.8,54.3,85.8,90.5,91.1,65.3,0,0,0,0,1,0,0,7964,3.54,1.63,50.1
19920700,7905,6173,2902,1925,927,185,233,1732,803,596,207,62.5,57.8,57.9,56.4,64.9,86,54.9,86,90.6,91.1,65.8,0,0,0,0,1,0,0,7982,3.53,1.63,50.2
19920800,8056,6426,3138,1943,902,183,260,1630,707,611,198,62.4,57.7,57.7,56.6,64.7,85.9,54.4,85.9,90.5,91,65.6,0,0,0,0,1,0,0,7952,3.52,1.63,50
19920900,7786,6245,2791,2043,997,182,232,1541,577,654,221,62.4,57.7,57.7,56.6,64.5,85.9,54,85.9,90.4,91,65.6,0,0,0,0,1,0,0,7956,3.5,1.62,50.2
19921000,8116,6577,2937,2124,1067,189,260,1539,554,664,237,62.5,57.8,57.9,56.4,64.9,85.8,54.2,85.8,90.5,90.7,65.4,0,0,0,0,1,0,0,7970,3.51,1.62,50.1
19921100,7928,6422,2869,2053,1057,181,261,1505,564,626,226,62.3,57.7,57.9,56.3,64.8,85.7,53.9,85.7,90.3,90.7,65.3,0,0,0,0,1,0,0,7959,3.52,1.62,50.2
19921200,11630,8512,4424,2203,1379,156,350,3118,2167,596,200,62.3,57.6,57.7,56.1,64.9,85.7,53.9,85.7,90.5,90.5,65.3,0,0,0,0,1,0,0,7971,3.52,1.62,50.3
19930100,6935,5825,2648,1823,919,173,261,1111,396,464,165,62.4,57.8,58.1,56.3,65.1,85.7,53.5,85.7,90.9,90,64.8,0,0,0,0,1,0,0,7898,3.52,1.6,50.5
19930200,7216,5982,2694,1887,961,162,279,1234,432,531,196,62.3,57.7,58.2,56.2,64.9,85.4,53.5,85.4,90.4,90.1,64.9,0,0,0,0,1,0,0,7923,3.51,1.61,50.8
19930300,7685,6259,2850,1969,987,190,263,1426,503,606,230,62.2,57.6,57.9,56.3,64.9,84.8,54,84.8,90.5,87.9,65.1,0,0,0,0,1,0,0,7967,3.5,1.6,50.5
19930400,7467,5997,2721,1894,977,186,219,1471,530,631,224,62.1,57.6,57.9,56.3,64.9,84.6,53.6,84.6,90.4,87.5,65.3,0,0,0,0,1,0,0,7961,3.49,1.61,50.6
19930500,7655,6102,2792,1920,965,185,241,1553,581,665,227,62,57.4,57.9,56.1,64.7,84.6,51.9,84.6,90.2,87.6,65.5,0,0,0,0,1,0,0,7976,3.48,1.61,50.6
19930600,7374,5859,2612,1886,947,188,225,1515,591,621,218,61.8,57.3,57.9,56.2,64.7,84.4,50.9,84.4,90,87.3,65.5,0,0,0,0,1,0,0,7964,3.49,1.61,50.2
19930700,7783,5926,2674,1880,938,191,243,1857,918,613,212,61.8,57.3,57.9,56.1,64.4,84.4,51,84.4,90,87.4,65.7,0,0,0,0,1,0,0,7972,3.5,1.62,50.1
19930800,7599,6027,2869,1866,868,174,250,1572,651,630,191,61.7,57.2,57.8,56,64.2,84.3,50.2,84.3,90,87,65.5,0,0,0,0,1,0,0,7989,3.49,1.61,50.1
19930900,7357,5891,2605,1895,951,187,253,1466,506,664,213,61.7,57.2,58.1,56.1,64.3,84.2,49.1,84.2,90,86.9,65.6,0,0,0,0,1,0,0,7964,3.47,1.59,50.1
19931000,7700,6219,2797,1960,1014,173,274,1481,515,659,226,61.5,56.9,58,55.7,64.1,84,48.5,84,89.8,86.7,65,0,0,0,0,1,0,0,7976,3.48,1.61,50
19931100,7437,5996,2665,1912,965,174,281,1441,526,608,226,61.5,57,58,55.6,64.3,83.9,48.2,83.9,89.7,86.7,65.1,0,0,0,0,1,0,0,7964,3.47,1.59,50.1
19931200,11227,8060,4174,2031,1308,166,381,3166,2203,601,195,61.4,56.9,58.2,55.4,64.2,84,48.6,84,89.7,86.9,65.5,0,0,0,0,1,0,0,7993,3.49,1.59,50
19940100,6676,5605,2555,1723,901,167,259,1072,376,458,168,61.4,56.8,58.3,55.4,64.1,84.1,47.9,84.1,89.6,86.7,66.1,0,0,0,0,1,0,0,7916,3.49,1.58,49.9
19940200,6905,5646,2481,1794,918,179,275,1259,468,517,207,61.3,56.7,58.2,55.3,64.1,84.2,47.3,84.2,89.7,86.9,66.4,0,0,0,0,1,0,0,7939,3.49,1.58,50
19940300,7205,5857,2645,1837,947,193,236,1347,460,574,232,61.2,56.7,58.3,55.2,64,84.1,46.6,84.1,89.4,86.8,66.4,0,0,0,0,1,0,0,7956,3.49,1.58,49.9
19940400,6925,5512,2486,1743,885,185,213,1413,504,616,219,61.1,56.6,57.9,55.1,64,83.8,46.2,83.8,88.9,87.3,65.1,0,0,0,0,1,0,0,7956,3.47,1.59,50
19940500,7271,5764,2649,1774,930,191,220,1508,560,644,232,61.1,56.6,57.9,55,63.8,83.6,46.6,83.6,88.8,86.7,65.4,0,0,0,0,1,0,0,7951,3.46,1.6,49.9
19940600,7025,5543,2518,1742,886,186,213,1481,584,582,220,61.1,56.6,57.9,55.1,63.7,83.6,46.3,83.6,88.7,86.8,65.3,0,0,0,0,1,0,0,7973,3.45,1.6,50
19940700,7032,5370,2558,1649,796,161,206,1663,816,567,183,61,56.4,57.9,54.9,63.7,83.7,45.5,83.7,88.7,86.8,65.5,0,0,0,0,1,0,0,7967,3.46,1.6,49.8
19940800,7159,5668,2790,1682,794,163,239,1491,625,586,183,61,56.5,57.9,55.1,63.7,83.5,44.7,83.5,88.7,86.7,65.6,0,0,0,0,1,0,0,7957,3.46,1.6,50
19940900,7109,5693,2587,1785,917,180,225,1416,508,622,206,61.2,56.7,57.9,55.5,63.7,83.4,45.5,83.4,88.6,86.1,65.7,0,0,0,0,1,0,0,7968,3.46,1.6,50.2
19941000,7437,6011,2764,1852,970,167,258,1427,495,640,215,61.1,56.7,57.8,55.5,63.5,83.3,45.5,83.3,88.2,86.4,65.4,0,0,0,0,1,0,0,7974,3.47,1.61,50.4
19941100,7257,5864,2612,1858,967,155,273,1393,518,581,216,61.1,56.6,57.7,55.2,63.2,83.4,46.8,83.4,88.9,86.3,65.5,0,0,0,0,1,0,0,7984,3.46,1.6,50.1
19941200,10845,8068,4261,1974,1303,157,373,2777,1831,584,193,60.9,56.4,57.6,55.1,63.5,83.4,44.7,83.4,88.9,86.2,65.6,0,0,0,0,1,0,0,7979,3.46,1.6,50.1
19950100,6445,5401,2490,1660,854,145,252,1044,372,425,143,61.1,56.5,57.5,55.4,63.9,83.9,45,83.9,89.4,86.7,65.4,0,0,0,0,1,0,0,7792,3.44,1.6,50.6
19950200,6682,5509,2493,1729,876,161,250,1173,366,484,186,60.9,56.4,57.3,55.3,63.4,83.7,45.2,83.7,89.1,86.7,65.1,0,0,0,0,1,0,0,7847,3.44,1.6,50.6
19950300,7112,5771,2679,1770,902,183,237,1341,438,537,214,60.7,56.1,57.1,55.3,63.4,83.5,44.3,83.5,88.9,86.6,65.2,0,0,0,0,1,0,0,7896,3.43,1.58,50.8
19950400,7118,5635,2550,1778,913,181,213,1483,479,610,221,60.8,56.1,57.1,55.1,63,83.9,44.3,83.9,89.4,87,65,0,0,0,0,1,0,0,7936,3.43,1.59,50.8
19950500,7292,5731,2614,1787,926,182,222,1561,536,615,230,60.8,56.1,57.2,55.1,63,83.8,44.4,83.8,89.3,87.2,64.5,0,0,0,0,1,0,0,7954,3.45,1.6,50.9
19950600,7012,5477,2464,1715,896,177,226,1536,568,573,212,60.9,56.4,57.1,55.2,63,83.6,45.3,83.6,88.9,87.1,64.4,0,0,0,0,1,0,0,7946,3.42,1.59,51.2
19950700,7320,5482,2597,1696,815,157,217,1837,861,580,183,60.9,56.4,57.3,55.4,62.5,83.5,45.6,83.5,89,86.8,64.2,0,0,0,0,1,0,0,7983,3.43,1.58,51.1
19950800,7228,5614,2740,1692,794,159,228,1614,639,579,177,60.8,56.3,57.1,55.4,62.4,83.4,45.2,83.4,88.8,86.9,64.4,0,0,0,0,1,0,0,7942,3.42,1.57,51.2
19950900,7163,5666,2553,1787,925,174,226,1498,508,614,199,61,56.5,56.9,55.3,62.4,83.3,45.9,83.3,88.9,86.7,64.1,0,0,0,0,1,0,0,7954,3.41,1.57,51.3
19951000,7255,5808,2688,1762,947,158,252,1447,469,606,202,60.9,56.4,56.8,55.1,62.8,83.3,46,83.3,88.6,86.7,63.9,0,0,0,0,1,0,0,7953,3.39,1.58,51.2
19951100,7268,5847,2610,1873,942,159,263,1421,493,570,209,61.2,56.7,56.9,55.3,62.5,83.2,46.4,83.2,88.5,86.7,63.5,0,0,0,0,1,0,0,7921,3.39,1.57,51.3
19951200,10379,7531,3905,1926,1231,140,329,2848,1886,566,180,61.2,56.8,57,55.3,62.7,83.3,46.8,83.3,88.5,86.8,63.7,0,0,0,0,1,0,0,7951,3.38,1.58,51.4
19960100,6523,5455,2488,1693,847,147,280,1068,357,438,150,61.3,56.8,57.2,55.5,63,83.1,46.4,83.1,88.2,86.7,63.9,0,0,0,0,1,0,0,7898,3.39,1.57,51.4
19960200,6854,5650,2480,1811,938,165,256,1203,379,514,185,61.3,56.9,57.2,55.6,63.1,83.2,46.3,83.2,88.5,86.7,63.7,0,0,0,0,1,0,0,7923,3.39,1.57,51.3
19960300,7129,5721,2574,1820,917,168,242,1408,460,580,207,61.4,57,57.3,55.7,63.4,83.1,46.2,83.1,88.3,86.7,63.6,0,0,0,0,1,0,0,7914,3.37,1.56,51.5
19960400,6671,5279,2223,1788,914,159,195,1392,467,569,204,61.4,57,57.2,55.6,63.5,83.1,46.4,83.1,88.2,86.7,63.8,0,0,0,0,1,0,0,7915,3.34,1.55,51.6
19960500,6849,5387,2308,1795,901,163,219,1463,500,605,208,61.5,57.1,57.3,55.9,63.7,83,46,83,88.2,86.4,64,0,0,0,0,1,0,0,7922,3.34,1.54,51.4
19960600,6849,5356,2340,1801,874,157,184,1493,548,572,219,61.5,57.2,57.1,55.9,63.6,83,46.6,83,88.1,86.5,63.8,0,0,0,0,1,0,0,7915,3.34,1.53,51.4
19960700,6645,5035,2148,1748,834,136,169,1610,718,542,180,61.6,57.3,57.3,56.4,63.5,82.8,46.7,82.8,88.1,86,63.8,0,0,0,0,1,0,0,7930,3.32,1.53,51.3
19960800,6675,5195,2268,1828,844,110,145,1480,533,582,189,61.7,57.5,57.6,56.8,63.9,82.6,45.9,82.6,88.3,85.6,63.6,0,0,0,0,1,0,0,7940,3.31,1.52,51.5
19960900,6771,5344,2248,1859,938,140,158,1427,435,639,205,61.9,57.6,57.6,57,63.9,83.3,46.2,83.3,88.4,86.6,65,0,0,0,0,1,0,0,7925,3.31,1.53,51.3
19961000,7132,5709,2387,1955,1008,152,206,1424,421,633,217,62.2,57.8,57.5,57,64,83.9,47.3,83.9,88.8,87.9,65.1,0,0,0,0,1,0,0,7941,3.33,1.54,51.3
19961100,7075,5646,2354,1894,1009,151,238,1429,477,593,210,62.3,57.9,57.6,56.6,64,84.4,47.9,84.4,88.7,88.6,65.6,0,0,0,0,1,0,0,7941,3.33,1.54,51.6
19961200,10107,7350,3606,1988,1299,140,317,2757,1768,588,183,62.6,58.1,57.6,56.6,64.5,84.4,48.5,84.4,88.9,88.7,65.5,0,0,0,0,1,0,0,7961,3.33,1.54,51.6
19970100,6607,5491,2366,1794,956,142,234,1116,363,472,157,62.8,58.4,58,56.9,65.2,84.4,48.4,84.4,88.4,88.8,65.9,0,0,0,0,1,0,0,7890,3.34,1.54,51.6
19970200,6647,5431,2271,1826,941,159,235,1216,370,521,191,62.7,58.3,58.1,56.9,64.9,84.5,48.4,84.5,88.6,89.1,65.5,0,0,0,0,1,0,0,7904,3.36,1.53,51.5
19970300,7216,5797,2525,1909,988,160,215,1419,440,588,218,62.8,58.3,57.9,56.8,64.7,84.9,48.4,84.9,88.9,89.6,66.2,0,0,0,0,1,0,0,7933,3.35,1.54,51.7
19970400,7002,5576,2402,1845,969,172,188,1426,466,603,213,64.5,59.9,59.7,59.1,66.2,86.7,49.3,86.7,91,91.2,67.7,0,0,0,0,1,1,0,7927,3.35,1.56,51.7
19970500,7395,5814,2495,1941,993,171,214,1581,518,658,233,64.8,60.3,59.9,59.5,66.2,86.9,49.5,86.9,90.9,91.7,67.7,0,0,0,0,1,1,0,7952,3.35,1.54,51.6
19970600,7091,5459,2338,1855,910,168,188,1632,626,619,218,64.8,60.3,60,59.8,66.1,86.9,49.1,86.9,91.3,91.5,67.7,0,0,0,0,1,1,0,7934,3.34,1.54,51.6
19970700,7381,5581,2485,1864,872,159,201,1801,788,612,201,64.9,60.4,60.2,60.2,66.3,86.9,48.9,86.9,91.2,91.5,67.7,0,0,0,0,1,1,0,7926,3.35,1.54,51.7
19970800,7353,5781,2681,1870,852,156,222,1571,570,607,194,64.9,60.4,60.4,60.6,65.8,87.1,47.8,87.1,91.3,91.5,68.4,0,0,0,0,1,1,0,7942,3.34,1.54,51.7
19970900,7065,5587,2345,1948,927,171,196,1479,457,647,218,65.1,60.6,60.5,60.6,65.9,87.1,48.9,87.1,91.1,91.8,68.4,0,0,0,0,1,1,0,7939,3.33,1.53,51.5
19971000,7311,5876,2486,1975,999,169,246,1435,433,633,220,65,60.5,60.4,60.2,65.9,87.1,49.3,87.1,91.2,91.6,68.5,0,0,0,0,1,1,0,7958,3.33,1.53,51.5
19971100,7281,5850,2516,1960,980,159,236,1431,491,567,225,64.8,60.3,60.4,59.8,65.8,86.9,49,86.9,90.6,91.7,68.6,0,0,0,0,1,1,0,7958,3.32,1.53,51.5
19971200,10301,7547,3723,2091,1267,149,317,2754,1746,584,199,64.8,60.3,60.5,59.7,66.4,86.9,48.7,86.9,90.5,91.9,68.7,0,0,0,0,1,1,0,7962,3.33,1.53,51.5
19980100,6667,5504,2337,1844,926,153,244,1163,350,501,167,65.1,60.6,60.6,59.9,66.6,87,49.4,87,90.6,92,68.6,0,0,0,0,1,1,0,7907,3.34,1.52,51.5
19980200,6514,5316,2223,1794,909,159,233,1198,364,514,186,64.9,60.4,60.5,59.9,66.7,86.9,48.3,86.9,90.8,91.4,68.6,0,0,0,0,1,1,0,7924,3.35,1.53,51.8
19980300,7096,5698,2413,1932,949,173,230,1399,434,592,209,64.9,60.4,60.5,60,66.7,86.6,48.8,86.6,90.7,90.6,68.8,0,0,0,0,1,1,0,7938,3.35,1.54,51.9
19980400,6774,5329,2273,1805,894,166,191,1444,448,618,208,64.8,60.4,60.7,59.7,66.4,86.5,48.9,86.5,90.8,90.4,68.9,0,0,0,0,1,1,0,7956,3.32,1.53,51.9
19980500,7125,5541,2397,1862,887,179,216,1583,520,655,227,64.9,60.4,60.5,59.8,66.6,86.5,49,86.5,91.1,90,69.1,0,0,0,0,1,1,0,7950,3.32,1.53,52.1
19980600,6885,5340,2243,1875,849,171,203,1545,550,601,219,64.8,60.4,60.4,59.8,66.4,86.7,48.7,86.7,91.3,90.1,69.2,0,0,0,0,1,1,0,7955,3.3,1.54,52.1
19980700,7061,5295,2310,1816,809,156,203,1766,787,589,197,64.7,60.3,60.5,60.1,66.1,86.4,48.2,86.4,91.1,89.9,69,0,0,0,0,1,1,0,7938,3.29,1.52,52.3
19980800,7289,5639,2523,1867,830,166,253,1650,607,633,195,64.8,60.4,60.3,60.2,66.4,86.4,48.7,86.4,90.8,90,69.3,0,0,0,0,1,1,0,7931,3.3,1.52,52.3
19980900,6814,5360,2155,1919,897,170,218,1454,456,631,202,64.8,60.4,60.3,60.4,66.5,86.2,48,86.2,90.6,89.5,69.4,0,0,0,0,1,1,0,7941,3.29,1.51,52.4
19981000,7100,5663,2279,1998,974,168,243,1437,426,640,211,64.7,60.3,60.4,60.2,66.8,86,48,86,90.6,89,69.3,0,0,0,0,1,1,0,7943,3.3,1.52,52.3
19981100,6948,5542,2277,1909,948,152,255,1405,463,574,206,64.9,60.6,60.7,60.1,66.9,86.1,49,86.1,90.7,89.1,69.5,0,0,0,0,1,1,0,7937,3.31,1.52,52.2
19981200,9917,7206,3466,1975,1269,145,351,2711,1712,601,183,64.9,60.6,60.5,59.8,67.3,86.2,49.4,86.2,90.7,89.3,69.5,0,0,0,0,1,1,0,7966,3.29,1.49,52.2
19990100,6552,5408,2237,1846,925,142,258,1144,357,481,163,64.8,60.5,60.7,60,67.1,86.2,48.5,86.2,90.8,88.7,70.2,0,0,0,0,1,1,0,7886,3.3,1.49,51.9
19990200,6506,5293,2096,1853,935,155,254,1212,372,516,178,65,60.6,60.8,59.8,67.2,86.3,49.3,86.3,90.8,89.1,70.4,0,0,0,0,1,1,0,7928,3.29,1.47,51.9
19990300,6842,5474,2252,1894,935,165,228,1368,432,570,207,64.9,60.6,60.8,59.6,67.2,86.3,49.4,86.3,90.8,89,70.3,0,0,0,0,1,1,0,7958,3.3,1.48,52
19990400,6657,5228,2126,1801,915,171,215,1429,458,605,199,64.5,60.1,60.6,59.5,67.1,86.1,47.6,86.1,90.6,89,69.9,0,0,0,0,1,1,0,7958,3.27,1.49,52.1
19990500,7035,5467,2302,1874,908,161,222,1568,527,644,211,64.5,60.1,60.6,59.6,67.2,86.3,47.5,86.3,91,89.2,69.9,0,0,0,0,1,1,0,7944,3.29,1.5,52.1
19990600,6783,5247,2168,1861,860,166,192,1536,550,598,204,64.3,59.8,60.6,59.6,67,86.1,46.4,86.1,91,88.9,69.8,0,0,0,0,1,1,0,7929,3.3,1.5,52.2
19990700,6960,5205,2231,1824,803,154,194,1754,798,591,185,64.2,59.8,60.5,59.7,66.7,86.1,46.4,86.1,90.9,88.9,69.8,0,0,0,0,1,1,0,7915,3.31,1.51,52.2
19990800,6946,5397,2412,1820,790,151,225,1549,585,598,175,64.3,59.9,60.4,59.8,67,86,47.3,86,90.9,88.7,69.8,0,0,0,0,1,1,0,7895,3.3,1.51,52.2
19990900,6634,5219,2152,1825,883,162,196,1416,448,622,192,64.3,59.9,60.1,59.6,66.6,85.9,47.7,85.9,90.7,88.7,69.7,0,0,0,0,1,1,0,7860,3.3,1.51,52
19991000,6894,5511,2260,1920,937,154,239,1383,417,619,196,64.1,59.7,60.1,59.6,66.6,85.8,46.7,85.8,90.4,88.6,69.6,0,0,0,0,1,1,0,7873,3.3,1.49,52.3
19991100,6699,5310,2141,1847,918,159,244,1389,471,569,201,63.7,59.3,60.1,59.5,66.9,85.6,45.6,85.6,90.1,88.3,69.7,0,0,0,0,1,1,0,7827,3.29,1.48,52.2
19991200,9664,6980,3265,1986,1234,145,349,2685,1707,577,184,63.8,59.4,60.2,59.3,67,85.4,46.1,85.4,89.5,88.3,69.5,0,0,0,0,1,1,0,7834,3.3,1.49,52.1
20000100,6229,5144,2087,1760,895,152,250,1085,340,459,158,63.9,59.5,60.4,59.6,66.5,85.4,46.2,85.4,89.8,88.3,69.4,0,0,0,0,1,1,0,7887,3.32,1.51,52.4
20000200,6449,5242,2090,1852,907,162,231,1208,364,517,187,63.8,59.4,60.3,59.2,66.6,85.3,46.4,85.3,89.5,88.2,69.5,0,0,0,0,1,1,0,7942,3.32,1.51,52.6
20000300,6483,5170,2121,1799,885,161,204,1314,406,563,188,63.6,59.3,60.1,59.1,66.3,85.1,46.2,85.1,89,88.1,69.5,0,0,0,0,1,1,0,7934,3.32,1.51,52.7
20000400,6485,5082,2113,1760,849,165,195,1404,457,592,192,63.5,59,59.9,58.9,66.6,85.2,45.2,85.2,89.1,88,69.9,0,0,0,0,1,1,0,7922,3.32,1.52,52.6
20000500,6655,5168,2182,1772,860,164,191,1487,489,614,211,63.3,58.8,59.8,58.9,66.2,85.1,44.9,85.1,88.9,88,69.7,0,0,0,0,1,1,0,7928,3.31,1.53,52.7
20000600,6419,4965,2013,1781,824,170,178,1454,528,571,201,63.3,58.8,60.1,59.1,66.3,85.1,44,85.1,88.9,88,70.1,0,0,0,0,1,1,0,7917,3.31,1.53,52.6
20000700,6603,4971,2085,1761,779,155,192,1631,719,568,176,63.3,58.8,60.3,59.2,66.1,85.2,43.9,85.2,88.7,88.2,70.5,0,0,0,0,1,1,0,7907,3.31,1.52,52.7
20000800,6678,5146,2210,1759,782,158,237,1532,570,591,172,63.4,59,60.7,59.4,66.4,85,44.1,85,88.9,88,69.8,0,0,0,0,1,1,0,7908,3.31,1.52,52.9
20000900,6434,5029,1983,1775,888,161,223,1404,451,624,187,63.4,59,60.6,59.5,66,85.1,43.6,85.1,88.8,88.3,69.8,0,0,0,0,1,1,0,7917,3.31,1.51,52.8
20001000,6665,5269,2083,1885,900,153,248,1396,417,623,213,63.4,59,60.6,59.4,65.8,84.8,43.9,84.8,88.7,87.8,69.8,0,0,0,0,1,1,0,7937,3.3,1.52,53
20001100,6575,5169,2018,1855,905,145,245,1407,513,563,191,63.4,59,60.6,59.3,66.1,85.1,43.6,85.1,88.9,87.8,70.4,0,0,0,0,1,1,0,7914,3.3,1.53,53.2
20001200,9463,6808,3167,1970,1199,132,339,2655,1694,581,172,63.4,59,60.6,59.2,66,84.8,44.1,84.8,88.3,87.6,70.4,0,0,0,0,1,1,0,7933,3.29,1.52,53.2
20010100,6241,5114,2073,1763,880,134,264,1127,351,485,156,63.1,58.7,60.4,58.9,66.2,84.8,43.3,84.8,88.3,87.6,70.5,0,0,0,0,1,1,0,7888,3.29,1.51,53.3
20010200,5907,4790,1843,1717,867,125,238,1117,327,502,172,63.2,58.8,60.7,58.9,66.5,84.8,43,84.8,88.1,87.8,70.8,0,0,0,0,1,1,0,7887,3.29,1.51,53.4
20010300,6273,4991,1969,1803,847,151,220,1282,378,558,187,63.1,58.7,60.4,58.9,66.5,84.9,42.9,84.9,88.1,87.9,71.2,0,0,0,0,1,1,0,7907,3.29,1.51,53.4
20010400,6035,4736,1886,1671,822,153,204,1298,398,568,181,63.1,58.6,60.4,59.1,66.2,84.9,42.8,84.9,88.2,87.6,71.8,0,0,0,0,1,1,0,7927,3.29,1.52,53.5
20010500,6417,4982,2027,1785,817,159,193,1435,444,611,197,63.1,58.7,60.7,59,66.4,84.9,42.6,84.9,88.1,87.8,71.5,0,0,0,0,1,1,0,7948,3.28,1.5,53.6
20010600,6209,4782,1889,1740,815,156,183,1427,504,575,180,63.3,58.8,60.6,59,66.6,84.8,42.4,84.8,88.3,87.6,71.3,0,0,0,0,1,1,0,7924,3.28,1.53,53.6
20010700,6420,4829,2037,1741,707,148,196,1591,681,567,158,63.4,59,60.4,59.2,66.8,85,43.2,85,88.3,87.8,71.7,0,0,0,0,1,1,0,7907,3.28,1.52,53.7
20010800,6687,5129,2181,1795,749,151,253,1559,584,594,160,63.4,59,60.5,59.4,66.6,85,43.2,85,88.1,87.9,71.8,0,0,0,0,1,1,0,7909,3.28,1.51,53.6
20010900,6033,4682,1584,1876,904,134,184,1351,417,612,177,63.6,59.3,60.5,59.4,67,84.9,44,84.9,88.1,87.6,72.1,0,0,0,0,1,1,0,7910,3.28,1.51,53.7
20011000,5540,4269,855,2134,1055,77,146,1271,371,593,187,63.4,59,59.8,59.5,67,85,43.6,85,88.2,87.7,72.3,1,0,0,0,1,1,0,7908,3.28,1.49,53.6
20011100,5715,4420,1054,2096,1030,89,150,1296,441,559,188,63.3,58.9,59.5,59.8,67.6,84.8,42.5,84.8,88,87.8,71.5,1,0,0,0,1,1,0,7914,3.28,1.49,53.6
20011200,7886,5711,1759,2274,1380,86,213,2175,1267,574,173,63.2,58.8,59.1,59.8,68.8,84.9,41.7,84.9,87.8,87.8,72.2,1,0,0,0,1,1,0,7924,3.28,1.48,53.7
20020100,5659,4612,1389,1970,991,93,169,1047,324,475,153,63.6,59.3,59.5,60.3,70.5,84.9,42.5,84.9,88,87.5,72.4,1,0,0,0,1,1,0,7857,3.26,1.48,53.6
20020200,5414,4367,1261,1909,936,102,159,1047,308,475,169,63.8,59.4,59.3,60.4,70.2,85,42.9,85,88.1,87.5,73.1,1,0,0,0,1,1,0,7877,3.25,1.45,53.8
20020300,5913,4687,1491,1978,949,113,155,1227,377,544,189,63.7,59.3,59.9,60.7,70,85.3,41.5,85.3,88.7,87.3,73.5,1,0,0,0,1,1,0,7915,3.25,1.45,53.9
20020400,5949,4654,1561,1900,930,120,144,1295,404,587,174,63.5,59,59.6,60.3,70.6,85.5,40.2,85.5,88.9,87.4,74.1,1,0,0,0,1,1,0,7894,3.25,1.46,53.8
20020500,6186,4813,1652,1931,944,124,161,1373,439,620,185,63.4,59,59.4,60.4,70.6,85.4,40,85.4,88.5,87.4,74,1,0,0,0,1,1,0,7932,3.24,1.44,53.8
20020600,6033,4662,1594,1895,891,121,161,1370,482,574,177,63.6,59.2,59.6,60.3,70.4,85.3,41,85.3,88.2,87.3,74.4,1,0,0,0,1,1,0,7926,3.24,1.45,53.7
20020700,6131,4619,1625,1899,825,114,157,1512,640,551,168,63.4,59.1,59.4,61.1,70.3,85,39.9,85,87.9,87.3,74,1,0,0,0,1,1,0,7914,3.24,1.44,53.8
20020800,6336,4913,1772,1943,833,127,239,1423,534,578,163,63.4,59,59.6,60.8,70.4,84.9,39.8,84.9,88.3,86.7,73.6,1,0,0,0,1,1,0,7893,3.24,1.44,53.9
20020900,6023,4759,1619,1909,914,132,184,1264,394,595,168,63.6,59.2,59.7,60.9,71.1,84.8,39.8,84.8,88.1,86.7,73.3,1,0,0,0,1,1,0,7914,3.24,1.44,53.8
20021000,6239,5001,1631,2020,992,136,222,1238,370,591,178,63.8,59.5,60.2,61,71,85,39.5,85,88.8,86.6,73.6,1,0,0,0,1,1,0,7933,3.24,1.44,53.8
20021100,6273,4990,1686,2000,971,119,214,1283,448,545,183,63.8,59.6,60.8,61.1,70.8,84.6,38.9,84.6,88.3,86.1,73.2,1,0,0,0,1,1,0,7905,3.24,1.45,53.8
20021200,8836,6466,2700,2081,1266,118,302,2370,1424,562,173,63.8,59.7,60.8,61.1,71.1,83.9,39.7,83.9,87.2,85.9,72.6,1,0,0,0,1,1,0,7932,3.23,1.44,53.9
20030100,5807,4773,1773,1802,885,119,194,1034,323,462,150,64,60,61.5,61.1,71.2,84,39.7,84,87.3,85.8,73.3,1,0,0,0,1,1,0,7850,3.24,1.44,53.9
20030200,5587,4515,1571,1768,865,128,183,1072,319,481,162,64.1,59.9,61.8,61,71.2,84.5,39.5,84.5,87.8,86.2,74.1,1,0,0,0,1,1,0,7879,3.23,1.44,53.9
20030300,6060,4833,1732,1880,891,131,199,1226,372,541,184,63.9,59.7,61.3,61,71,84.3,38.7,84.3,87.8,85.6,73.8,1,0,0,0,1,1,0,7917,3.23,1.45,53.9
20030400,5859,4595,1669,1755,857,131,183,1264,395,546,180,63.9,59.7,61.7,60.6,71,84.3,38.5,84.3,88,85.6,73.8,1,0,0,0,1,1,0,7911,3.23,1.45,54
20030500,6142,4778,1752,1828,866,146,185,1364,464,568,189,64.1,59.9,61.5,61.1,70.6,84.4,40,84.4,88.1,85.6,73.8,1,0,0,0,1,1,0,7922,3.22,1.44,54.1
20030600,5949,4526,1615,1783,822,140,167,1423,547,557,177,64,59.9,61.9,60.9,70.4,84.2,39.6,84.2,87.7,85.5,73.8,1,0,0,0,1,1,0,7925,3.22,1.44,54
20030700,6171,4614,1699,1803,802,140,170,1558,676,556,173,64,59.9,61.9,61.3,70.2,83.7,40,83.7,86.8,85.6,73.2,1,0,0,0,1,1,0,7921,3.22,1.44,54
20030800,6177,4811,1880,1789,787,132,224,1366,487,570,153,64.3,60.3,62.1,61.3,70.2,84,40.4,84,87,85.9,73.2,1,0,0,0,1,1,0,7913,3.21,1.43,54
20030900,5838,4574,1638,1791,820,134,191,1265,397,567,167,64.4,60.4,62.2,61.4,70.2,83.8,42,83.8,87,85.4,73.5,1,0,0,0,1,1,0,7912,3.21,1.43,54.1
20031000,6035,4821,1722,1848,897,135,219,1214,356,555,175,64.1,60.1,62.5,61.1,70.3,83.7,40.3,83.7,87,85.2,73.6,1,0,0,0,1,1,0,7930,3.21,1.43,54
20031100,6130,4824,1720,1835,914,129,225,1307,487,514,175,64.3,60.3,62.1,61.3,70.2,83.7,41,83.7,87,85.1,73.3,1,0,0,0,1,1,0,7917,3.21,1.44,54.1
20031200,8431,6230,2602,1976,1243,116,293,2201,1326,528,165,64.3,60.3,62.7,61.4,70,83.3,41,83.3,86.7,84.6,73.3,1,0,0,0,1,1,0,7943,3.21,1.44,54.1
20040100,5770,4717,1616,1927,835,126,212,1053,335,461,157,64.6,60.8,63.6,61.2,70.4,83.7,41.6,83.7,86.9,85.1,73.6,1,0,0,0,1,1,0,7875,3.21,1.43,54.2
20040200,5603,4513,1506,1964,724,130,189,1090,320,501,167,65.5,61.8,65,61.5,70.9,83.7,42.8,83.7,86.5,85.7,73.4,1,1,0,0,1,1,0,7898,3.21,1.43,54.3
20040300,5886,4692,1665,2025,690,149,162,1194,357,540,180,65.8,62.1,64.5,61.9,70.6,83.8,44.7,83.8,86.8,85.4,73.8,1,1,0,0,1,1,0,7890,3.2,1.43,54.3
20040400,5808,4578,1627,1884,771,151,145,1231,379,543,181,65.7,62,64.6,61.7,69.4,83.7,45.4,83.7,86.3,85.9,73.5,1,1,0,0,1,1,0,7884,3.19,1.42,54.4
20040500,6273,4922,1804,1971,823,154,171,1352,437,588,188,66,62.3,64.5,62.1,69.6,83.7,46.7,83.7,86.5,85.8,73.4,1,1,0,0,1,1,0,7916,3.2,1.42,54.3
20040600,5943,4611,1614,1925,778,155,138,1332,484,538,182,65.7,62,64.3,62.1,69.6,83.7,45.6,83.7,86.5,85.8,73.4,1,1,0,0,1,1,0,7911,3.2,1.42,54.4
20040700,5986,4563,1631,1894,744,144,148,1423,612,513,165,65.8,62.1,64.1,62.3,69.8,83.8,45.7,83.8,86.8,85.7,73.1,1,1,0,0,1,1,0,7892,3.19,1.41,54.5
20040800,6333,5002,1910,1969,796,141,186,1331,481,541,157,66.4,62.8,64.8,62.5,70.6,83.9,47.3,83.9,86.7,85.9,73.5,1,1,0,0,1,1,0,7915,3.19,1.4,54.5
20040900,5884,4682,1623,1878,864,153,163,1202,375,536,172,66.3,62.7,64.8,62.7,70.3,83.8,46.3,83.8,86.5,85.9,73.6,1,1,0,0,1,1,0,7885,3.18,1.4,54.4
20041000,6202,4979,1713,1988,937,144,197,1223,360,567,177,66.6,63,65.1,62.7,70.4,83.8,47.6,83.8,86.5,85.8,73.8,1,1,0,0,1,1,0,7883,3.19,1.41,54.5
20041100,6029,4727,1591,1902,901,135,199,1302,514,501,166,66.8,63.2,65.2,62.4,70.8,84.3,48.5,84.3,86.6,86.7,73.8,1,1,0,0,1,1,0,7887,3.18,1.4,54.5
20041200,8287,6259,2618,2034,1189,133,285,2028,1184,526,169,66.7,63,65.6,62.3,71.1,84.6,46.3,84.6,86.7,87.2,74.3,1,1,0,0,1,1,0,7911,3.18,1.39,54.6
20050100,5957,4914,1764,1901,907,138,204,1043,309,458,156,67.2,63.5,66.1,62.5,71.5,84.6,46.6,84.6,86.8,87.2,74.2,1,1,0,0,1,1,0,7826,3.18,1.41,54.8
20050200,5550,4530,1544,1833,840,130,182,1020,294,463,159,67.2,63.5,66.1,62.6,71.3,85.2,46.5,85.2,86.9,88,74.9,1,1,0,0,1,1,0,7878,3.18,1.42,55
20050300,6029,4857,1694,1939,889,150,184,1172,354,515,178,67.1,63.3,66.1,62.6,71.2,85.4,46.4,85.4,87.3,88,75.3,1,1,0,0,1,1,0,7862,3.18,1.41,54.9
20050400,6004,4763,1686,1893,867,155,162,1241,384,545,173,67.2,63.3,66.1,62.4,71.2,85.8,46.1,85.8,88.1,88.3,75.5,1,1,0,0,1,1,0,7881,3.18,1.41,55
20050500,6323,4984,1839,1939,886,161,160,1339,423,576,187,67.1,63.2,65.8,62.3,70.8,86,47,86,88.3,88.5,75.9,1,1,0,0,1,1,0,7915,3.17,1.43,55.1
20050600,5894,4552,1566,1861,815,157,152,1342,491,526,183,67.3,63.4,66.3,62.6,70.2,85.8,46.6,85.8,88.2,88,75.9,1,1,0,0,1,1,0,7901,3.18,1.43,55
20050700,6188,4657,1636,1887,806,146,182,1531,645,540,181,67.5,63.6,66.9,62.4,70.5,86.1,46.4,86.1,88.4,88.5,76.1,1,1,0,0,1,1,0,7893,3.17,1.43,54.9
20050800,6301,4926,1875,1909,802,147,193,1375,482,549,175,67.5,63.6,66.5,62.6,70.7,86,46.8,86,88.2,88.5,76.2,1,1,0,0,1,1,0,7910,3.17,1.43,54.8
20050900,5975,4695,1615,1894,857,154,177,1280,388,565,185,67.3,63.4,66.5,62.8,70.5,86,46.1,86,88.2,88.3,76.7,1,1,0,0,1,1,0,7905,3.17,1.43,54.8
20051000,6190,4945,1664,2012,918,146,205,1245,369,559,193,67.3,63.3,66.1,62.9,70.5,86,45.9,86,88.1,88.2,76.5,1,1,0,0,1,1,0,7913,3.17,1.42,54.9
20051100,6223,4916,1642,1988,922,145,218,1307,453,533,200,67.2,63.2,66.1,62.7,70.4,86.3,45.6,86.3,88.5,88.7,76.5,1,1,0,0,1,1,0,7897,3.17,1.42,54.9
20051200,8736,6608,2799,2137,1239,131,302,2128,1248,529,186,67.3,63.4,66.5,62.7,71.1,86.2,45,86.2,88.3,88.5,76.7,1,1,0,0,1,1,0,7909,3.17,1.41,55.1
20060100,5856,4847,1700,1897,890,140,219,1008,302,445,157,67.3,63.4,67.3,62.4,71.3,86,44.8,86,88.1,88.5,76.5,1,1,0,0,1,1,0,7840,3.16,1.41,55.2
20060200,5604,4573,1511,1856,861,136,208,1031,302,454,175,67.4,63.5,66.5,62.4,71.7,86,45.8,86,88.1,88.5,76.5,1,1,0,0,1,1,0,7853,3.16,1.4,55.4
20060300,5946,4764,1612,1927,886,150,188,1182,350,510,196,67.4,63.5,67.1,62.4,71,86.1,45.8,86.1,88.1,88.7,76.4,1,1,0,0,1,1,0,7859,3.16,1.39,55.4
20060400,6009,4736,1642,1877,891,150,176,1273,377,540,202,67.6,63.8,67.3,62.4,71.1,86.1,46.4,86.1,88.2,88.7,76.4,1,1,0,0,1,1,0,7838,3.16,1.4,55.3
20060500,6141,4831,1686,1932,874,161,177,1311,413,555,198,67.7,63.8,67.4,62.6,71.2,86.3,46.1,86.3,88.2,89,76.3,1,1,0,0,1,1,0,7890,3.16,1.41,55.1
20060600,5946,4557,1564,1842,835,160,157,1389,504,534,195,67.4,63.5,66.9,62.4,70.8,86.5,45.5,86.5,88.1,89.4,76.6,1,1,0,0,1,1,0,7864,3.16,1.42,55.1
20060700,6140,4627,1631,1879,801,152,165,1513,632,542,186,67.7,63.7,67.1,62.6,71,87.3,45.8,87.3,89.5,89.7,77.3,1,1,0,0,1,1,0,7845,3.16,1.43,55
20060800,6311,4946,1875,1940,767,157,206,1366,469,558,171,68,63.7,67.1,62.8,71.1,88.6,44.9,88.6,90.1,91.7,78.9,1,1,0,0,1,1,0,7868,3.16,1.43,55
20060900,5975,4712,1548,1915,904,154,191,1263,379,557,189,68.1,63.7,67.1,62.7,70.8,89.6,45.4,89.6,90.8,93,79.7,1,1,0,0,1,1,0,7816,3.16,1.43,55
20061000,6225,4943,1633,2005,941,147,217,1283,365,588,204,68.2,63.8,67.2,62.7,70.9,89.6,45.4,89.6,90.9,92.9,79.4,1,1,0,0,1,1,0,7866,3.16,1.41,55.2
20061100,6299,4947,1588,2012,967,145,235,1352,490,537,196,68.4,64,67.2,63.2,71.3,89.6,46.2,89.6,91,92.8,79.7,1,1,0,0,1,1,0,7828,3.16,1.4,55.2
20061200,8668,6571,2715,2167,1252,140,297,2097,1183,553,193,68.3,63.9,67.5,63.1,70.9,89.8,45.7,89.8,91,93.1,80,1,1,0,0,1,1,0,7881,3.15,1.39,55.4
20070100,6170,5055,1751,1992,932,149,231,1115,338,483,170,68.8,64.4,68.7,62.8,71.5,89.6,45.7,89.6,91,92.7,80,1,1,0,0,1,1,0,7781,3.15,1.37,55.5
20070200,5783,4662,1540,1906,874,151,191,1121,312,506,187,68.5,64.2,68.3,62.7,70.9,89.6,45.8,89.6,91.1,92.6,79.6,1,1,0,0,1,1,0,7785,3.15,1.38,55.5
20070300,6195,4939,1696,1978,941,148,177,1256,371,545,203,68.7,64.4,68.5,62.9,71.4,89.9,46.1,89.9,91.7,92.8,79.9,1,1,0,0,1,1,0,7837,3.15,1.38,55.7
20070400,6114,4826,1647,1934,913,157,175,1288,371,567,204,68.7,64.4,68.7,62.7,71.1,89.2,46.5,89.2,90.8,92.2,79.6,1,1,0,0,1,1,0,7831,3.15,1.39,55.6
20070500,6239,4876,1705,1943,893,155,180,1364,421,582,209,68.7,64.4,68.3,62.9,71.7,89.2,46.1,89.2,90.4,92.5,79.5,1,1,0,0,1,1,0,7844,3.15,1.4,55.7
20070600,6026,4633,1576,1889,852,164,152,1393,491,550,213,68.8,64.6,68.3,62.9,71.7,89.2,46.5,89.2,90.9,92.3,79.1,1,1,0,0,1,1,0,7850,3.15,1.41,55.7
20070700,6349,4833,1662,1973,868,166,163,1517,616,548,193,68.8,64.5,68.3,62.9,71.2,89.2,46.8,89.2,90.9,92.1,79.6,1,1,0,0,1,1,0,7847,3.15,1.41,55.7
20070800,6374,4962,1859,1931,821,145,206,1411,494,552,179,68.9,64.7,68.4,63.2,71.5,89.1,47.6,89.1,90.5,92.2,79.7,1,1,0,0,1,1,0,7811,3.14,1.4,55.9
20070900,6054,4765,1577,1962,897,152,177,1289,395,574,192,69.5,65.2,68.7,63.1,72.1,90.1,48.7,90.1,91.7,93.2,79.9,1,1,0,0,1,1,0,7833,3.14,1.39,55.8
20071000,6290,5013,1598,2066,973,158,218,1277,356,584,208,69.3,64.8,68.5,63.1,71.8,91.3,47.4,91.3,93.2,94.5,80.1,1,1,0,0,1,1,0,7852,3.14,1.39,55.7
20071100,6413,5036,1549,2107,1011,146,223,1377,486,567,208,69.9,65.2,68.9,63.1,72.3,93.1,47.3,93.1,94.5,96.3,82.9,1,1,0,0,1,1,0,7832,3.13,1.39,55.7
20071200,8910,6717,2711,2240,1322,142,303,2193,1287,555,195,70.2,65.3,69.1,63,73.4,94.3,47.2,94.3,95.5,98,83.6,1,1,0,0,1,1,0,7862,3.13,1.38,55.7
20080100,6246,5093,1694,2037,1001,146,214,1153,359,504,174,70.7,65.9,69.3,63.2,74.4,94.5,48.7,94.5,95.7,98.2,83.7,1,1,0,0,1,1,0,7748,3.13,1.38,55.6
20080200,6390,5191,1624,2136,1056,173,203,1198,335,553,196,71,66.1,69.2,63.4,75.7,94.6,48.6,94.6,95.6,98.5,83.6,1,1,1,0,1,1,0,7815,3.13,1.38,55.8
20080300,6508,5172,1669,2112,1052,169,171,1336,380,605,220,71.3,66.4,69.4,63.7,76.1,94.9,49.4,94.9,96,98.7,84.1,1,1,1,0,1,1,0,7828,3.13,1.38,55.9
20080400,6503,5124,1641,2090,1037,187,169,1379,391,627,209,71.7,67,69.4,64.2,77.5,94.9,49.7,94.9,96,98.7,84.2,1,1,1,0,1,1,0,7825,3.14,1.4,55.9
20080500,6718,5269,1737,2118,1041,186,188,1449,426,651,220,71.8,67,69.1,64.4,78.4,95,49.4,95,95.8,99.2,84.5,1,1,1,0,1,1,0,7813,3.13,1.4,55.8
20080600,6477,5015,1577,2088,1004,182,164,1462,506,599,203,72.1,67.3,69.3,64.6,79.3,95.1,49.1,95.1,96.1,99,84.8,1,1,1,0,1,1,0,7830,3.13,1.4,55.7
20080700,6443,4918,1621,2051,931,164,151,1525,587,598,184,72.4,67.8,69.7,64.9,79.7,94.9,49.7,94.9,95.8,98.6,84.7,1,1,1,0,1,1,0,7819,3.13,1.41,55.6
20080800,6778,5259,1848,2118,941,174,179,1519,514,624,191,72.6,68,69.8,65.2,80,94.7,49.3,94.7,95.9,98.2,84.7,1,1,1,0,1,1,0,7797,3.13,1.4,55.7
20080900,6353,5033,1551,2076,1036,176,194,1320,376,613,206,72.4,67.8,69.4,65.1,80,94.4,49.7,94.4,94.7,98.5,84.7,1,1,1,0,1,1,0,7838,3.12,1.38,55.5
20081000,6595,5271,1599,2167,1116,172,217,1324,367,636,198,72.4,67.7,69.6,65,80.6,94.7,48.5,94.7,95.4,98.5,84.7,1,1,1,0,1,1,0,7809,3.12,1.38,55.5
20081100,6877,5455,1671,2255,1140,156,234,1422,487,597,208,72.2,67.5,69.7,64.9,80.5,94.9,47.4,94.9,96.1,98.6,84.2,1,1,1,0,1,1,0,7826,3.12,1.37,55.5
20081200,8994,6875,2653,2307,1475,156,284,2119,1142,605,217,71.8,67.1,69.4,64.7,79.5,94.6,46.4,94.6,96,98,84.4,1,1,1,0,1,1,0,7865,3.12,1.37,55.6
20090100,6372,5250,1652,2103,1113,164,219,1122,312,519,181,71.9,67.1,69.1,64.8,79.2,94.7,46.7,94.7,95.9,98.3,84.2,1,1,1,0,1,1,0,7757,3.12,1.37,55.5
20090200,5972,4820,1400,2046,1027,162,186,1152,299,535,190,71.8,67.1,69.1,64.7,79,94.5,46.4,94.5,95.6,98.2,84.1,1,1,1,0,1,1,0,7790,3.11,1.36,55.5
20090300,6496,5190,1621,2147,1065,183,173,1307,354,610,207,71.9,67.1,69.5,64.5,78.4,94.8,46.6,94.8,95.6,98.9,84.1,1,1,1,0,1,1,0,7862,3.11,1.37,55.4
20090400,6231,4905,1509,2013,1033,180,169,1326,372,606,207,71.4,66.8,69.1,64.5,77.8,94.2,46.1,94.2,95.3,97.7,84.1,1,1,1,0,1,1,0,7837,3.11,1.37,55.6
20090500,6703,5252,1765,2069,1059,186,172,1451,414,658,210,71.3,66.5,69.4,63.9,77.5,94.4,45.1,94.4,95.4,98.3,84,1,1,1,0,1,1,0,7858,3.11,1.38,55.7
20090600,6266,4863,1531,2005,981,182,164,1403,471,591,204,70.9,66.2,68.7,63.8,77.2,94,44.7,94,94.9,97.7,84.2,1,1,1,0,1,1,0,7821,3.11,1.37,55.8
20090700,6281,4758,1514,1965,948,176,155,1522,585,585,197,70.9,66.1,68.4,64,77,94.4,44.9,94.4,95.2,98.4,83.9,1,1,1,0,1,1,0,7790,3.11,1.37,56.1
20090800,6568,5135,1858,1998,912,165,201,1433,476,609,183,70.6,65.8,68,64,76.8,93.8,44.4,93.8,94.9,97.1,84.5,1,1,1,0,1,1,0,7839,3.1,1.37,56.1
20090900,6061,4765,1513,1957,962,169,164,1296,356,612,194,70.7,65.9,68.7,63.9,76.5,93.5,44.6,93.5,94.5,96.8,84.4,1,1,1,0,1,1,0,7847,3.1,1.37,56.1
20091000,6497,5165,1582,2129,1067,170,217,1332,355,648,210,70.3,65.6,68.4,63.8,76,93,43.8,93,93.6,96.5,84.4,1,1,1,0,1,1,0,7846,3.1,1.37,56
20091100,6579,5142,1582,2128,1056,153,223,1437,498,605,202,70.4,65.6,67.8,63.7,76.5,93.3,45,93.3,94.3,96.8,83.9,1,1,1,0,1,1,0,7822,3.1,1.37,56
20091200,8950,6729,2639,2230,1391,155,314,2221,1178,619,206,70.1,65.5,67.8,63.6,76.3,92.6,44.8,92.6,93.3,96.2,83.7,1,1,1,0,1,1,0,7870,3.1,1.37,55.9
20100100,6162,5025,1579,2002,1068,156,221,1137,315,540,172,70.4,66,69.1,63.8,76.9,91.6,45,91.6,93.6,93.7,83.3,1,1,1,0,1,1,0,7801,3.09,1.37,55.8
20100200,5796,4667,1361,1943,1009,160,194,1130,295,536,185,70.2,65.6,68.3,63.1,77,92.1,45,92.1,92.4,95.9,83.2,1,1,1,0,1,1,0,7827,3.09,1.37,55.8
20100300,6180,4909,1517,2009,1041,168,175,1270,339,601,203,70.1,65.5,67.7,63.2,76.8,92.1,45,92.1,91.4,96.7,83,1,1,1,0,1,1,0,7829,3.09,1.37,56
20100400,6000,4731,1462,1923,1023,165,158,1268,340,597,190,69.5,65.2,67.4,63.2,76.4,90.3,44.5,90.3,91.1,93.1,82.6,1,1,1,0,1,1,0,7793,3.09,1.37,56.2
20100500,6321,4932,1575,1977,1014,174,192,1389,389,627,200,69.4,65.1,66.8,63,77.1,90.2,44.2,90.2,91.6,92.6,82.4,1,1,1,0,1,1,0,7806,3.09,1.36,56.4
20100600,5882,4492,1349,1872,944,175,152,1390,460,575,190,69.6,65.1,67.1,63.4,76.2,91.2,44.8,91.2,90.9,95.2,83,1,1,1,0,1,1,0,7802,3.09,1.36,56.6
20100700,6133,4631,1504,1909,903,158,157,1502,582,572,181,69.8,65.4,67.1,63.8,76.7,91.2,45.6,91.2,90.9,95,83.3,1,1,1,0,1,1,0,7775,3.09,1.35,56.5
20100800,6235,4773,1606,1953,877,156,182,1461,495,600,171,69.6,65.3,67.3,63.8,76.2,90.6,44.8,90.6,90.4,94.3,83.2,1,1,1,0,1,1,0,7810,3.09,1.35,56.5
20100900,6038,4726,1442,1973,986,160,165,1312,375,604,192,69.5,65.1,66.9,63.5,75.8,90.9,44.5,90.9,90.7,94.7,82.9,1,1,1,0,1,1,0,7833,3.09,1.34,56.4
20101000,6426,5120,1534,2108,1096,159,223,1306,359,624,195,69.4,65,67,63.5,75.6,90.5,43.9,90.5,89.9,94.6,82.8,1,1,1,0,1,1,0,7842,3.09,1.36,56.4
20101100,6464,5019,1510,2080,1071,157,202,1444,522,588,191,69.5,65.1,67.3,63.6,75.8,90.4,43.8,90.4,90.4,93.9,82.9,1,1,1,0,1,1,0,7834,3.08,1.35,56.4
20101200,8660,6517,2526,2210,1355,144,282,2143,1147,603,205,69.6,65.3,67.6,63.3,76.4,89.9,44.3,89.9,90.3,93,82.4,1,1,1,0,1,1,0,7857,3.08,1.34,56.3
20110100,6183,5033,1550,2072,1042,156,212,1150,319,523,166,69.9,65.6,68.1,63.5,77,90.3,44.2,90.3,90.1,94.1,82.5,1,1,1,0,1,1,0,7790,3.08,1.33,56.2
20110200,5777,4638,1385,1980,932,160,182,1139,299,527,186,69.7,65.4,67.4,63.5,77.3,90.2,44,90.2,90.1,94,82.3,1,1,1,0,1,1,0,7808,3.09,1.33,56.5
20110300,6237,4917,1449,2097,1018,170,182,1320,345,598,204,69.8,65.4,67.7,63.3,77.1,90.4,44.7,90.4,90,94.4,82.5,1,1,1,0,1,1,0,7474,3.09,1.33,56.6
20110400,6186,4849,1529,2025,970,170,155,1337,352,608,204,70,65.7,68.4,63.6,77.4,90.6,44.3,90.6,89.6,94.6,83.5,1,1,1,0,1,1,0,7475,3.09,1.32,56.6
20110500,6397,4955,1572,2004,1039,186,155,1442,395,632,217,69.7,65.5,67.6,63.5,77.2,90.2,44.9,90.2,89.7,93.9,83,1,1,1,0,1,1,0,7552,3.09,1.33,56.7
20110600,6150,4743,1478,1963,993,173,136,1407,454,575,218,69.8,65.5,67.5,63.8,76.8,90.1,45,90.1,89.2,94.2,82.8,1,1,1,0,1,1,0,7597,3.09,1.34,56.7
20110700,6179,4625,1370,1992,980,154,129,1554,603,570,196,69.5,65.4,67.4,63.9,76.9,89.3,45.2,89.3,88.7,93.1,82.2,1,1,1,0,1,1,0,7656,3.08,1.34,57
20110800,6339,4859,1486,2073,970,164,167,1480,490,595,200,69.4,65.3,67,63.9,76.6,89.3,45.3,89.3,88.9,93,82.1,1,1,1,0,1,1,0,7699,3.08,1.34,57.1
20110900,6054,4732,1341,2000,1062,170,158,1323,364,600,212,69.6,65.5,67.6,64,76.6,89.6,44.2,89.6,88.9,93.5,82.5,1,1,1,0,1,1,0,7725,3.08,1.33,57
20111000,6445,5095,1452,2136,1154,168,185,1350,358,633,207,69.5,65.4,67.7,63.3,76.9,89.4,45.5,89.4,88.7,93.3,82,1,1,1,0,1,1,0,7757,3.08,1.32,56.9
20111100,6613,5075,1431,2151,1147,161,185,1538,571,612,211,69.4,65.2,67.5,63.1,76.5,89.3,45.6,89.3,88.8,93.1,81.8,1,1,1,0,1,1,0,7781,3.07,1.32,57
20111200,8809,6699,2554,2247,1495,150,253,2110,1084,626,208,69.4,65.3,67.1,63.7,76.7,89.1,45.6,89.1,88.9,92.7,81.6,1,1,1,0,1,1,0,7796,3.07,1.32,56.9
20120100,6171,4989,1463,2044,1137,157,189,1182,332,539,189,69.6,65.5,67.6,63.6,76.6,89.3,46.5,89.3,88.9,93.2,81,1,1,1,0,1,1,0,7754,3.07,1.32,57
20120200,5938,4765,1373,1989,1092,146,165,1173,306,554,195,69.6,65.5,67.4,63.8,76.6,89.1,46.4,89.1,88.3,93.3,81.2,1,1,1,0,1,1,0,7774,3.07,1.32,57.2
20120300,6210,4906,1468,1998,1102,172,167,1303,356,601,205,69.5,65.5,67.5,63.5,76.9,89.1,45.6,89.1,88.8,92.9,81.2,1,1,1,0,1,1,0,7784,3.08,1.32,57.2
20120400,6036,4720,1417,1932,1067,161,142,1316,363,600,206,69.1,65,67.1,63.3,75.9,89.1,45.6,89.1,88.4,93.3,81,1,1,1,0,1,1,0,7757,3.07,1.33,57.3
20120500,6230,4803,1498,1931,1047,169,157,1427,401,632,222,68.9,64.7,66.6,63,75.6,88.8,46.1,88.8,88.2,92.8,81.2,1,1,1,0,1,1,0,7798,3.07,1.34,57.3
20120600,5975,4579,1394,1895,987,169,133,1396,464,576,201,68.9,64.8,67,63.3,75.2,88.9,45.3,88.9,88.2,93.1,80.9,1,1,1,0,1,1,0,7801,3.07,1.33,57.5
20120700,5953,4451,1365,1860,924,158,144,1502,561,561,189,68.9,64.9,66.7,63.5,74.9,88.3,46.5,88.3,87.9,91.8,81.1,1,1,1,0,1,1,0,7804,3.07,1.33,57.6
20120800,6129,4685,1558,1888,916,156,168,1444,481,580,186,69,65.1,67.7,63.2,74.6,87.8,46.1,87.8,87.7,90.9,81.1,1,1,1,0,1,1,0,7812,3.06,1.32,57.7
20120900,5838,4521,1337,1901,978,159,146,1317,369,590,195,69.1,65.1,67.5,63.3,74.7,88.2,47.3,88.2,87.9,91.9,80.5,1,1,1,0,1,1,0,7782,3.06,1.33,57.8
20121000,6214,4880,1413,2046,1061,173,187,1334,356,628,201,68.6,64.6,66.7,63,74.4,87.5,46,87.5,87.8,90.6,80.4,1,1,1,0,1,1,0,7802,3.06,1.33,57.8
20121100,6377,4886,1406,2062,1070,157,191,1491,544,595,202,68.6,64.6,66.8,63.2,74.3,87.7,46,87.7,87.4,91.3,80.5,1,1,1,0,1,1,0,7784,3.06,1.33,57.8
20121200,8643,6544,2517,2225,1388,143,271,2099,1093,620,207,68.5,64.5,66.9,63.4,73.7,87.3,45.6,87.3,87.3,90.6,79.8,1,1,1,0,1,1,0,7798,3.06,1.33,57.7
20130100,6193,5014,1581,2015,1077,153,187,1180,326,539,173,68.6,64.7,67.1,63.5,74.2,86.9,46,86.9,86.9,90.2,79.4,1,1,1,0,1,1,0,7722,3.06,1.33,57.6
20130200,5855,4695,1378,1959,1028,147,182,1161,303,542,191,68.7,64.8,67.4,63.2,74.4,87.3,45.7,87.3,87.1,91,79.4,1,1,1,0,1,1,0,7764,3.06,1.32,57.8
20130300,6474,5148,1616,2113,1082,165,171,1326,352,579,221,68.5,64.5,66.7,63.1,73.9,87.2,46.6,87.2,87.2,90.6,79.8,1,1,1,0,1,1,0,7770,3.06,1.33,57.9
20130400,6417,5054,1563,2084,1077,168,163,1364,368,608,219,68.5,64.6,67,63.3,73.8,87.3,46.2,87.3,86.9,91,79.9,1,1,1,0,1,1,0,7801,3.06,1.34,57.8
20130500,6467,5028,1604,2020,1074,168,162,1439,404,636,216,68.7,64.8,67.3,63.4,74.3,87.3,46.8,87.3,87.3,90.5,80.2,1,1,1,0,1,1,0,7788,3.05,1.34,57.7
20130600,6511,4995,1581,2022,1055,185,152,1516,514,605,212,68.6,64.7,67.3,63.1,73.7,87.3,46.4,87.3,87.4,90.5,79.9,1,1,1,0,1,1,0,7806,3.05,1.34,58
20130700,6402,4818,1476,2025,1001,165,151,1583,592,586,183,69.2,65.2,68.3,63.5,73.7,88.4,46.7,88.4,87.2,93.1,80.1,1,1,1,0,1,1,0,7761,3.05,1.33,58.1
20130800,6476,4992,1649,2018,962,162,201,1485,481,600,192,69.4,65.1,68.4,63.3,73.1,89.8,46.8,89.8,87.2,96,80.5,1,1,1,0,1,1,0,7803,3.05,1.34,58.1
20130900,6232,4880,1448,2016,1073,170,174,1352,382,607,195,69.7,65.4,68.8,63.8,74.1,90.4,47.2,90.4,87.2,97.2,80.9,1,1,1,0,1,1,0,7826,3.05,1.34,57.9
20131000,6564,5170,1489,2162,1157,169,193,1394,375,647,208,70,65.7,69.1,63.9,74.5,90.4,47.4,90.4,86.6,97.5,81.3,1,1,1,0,1,1,0,7783,3.05,1.34,58
20131100,6709,5216,1519,2164,1178,151,205,1493,516,621,199,70.2,65.9,69.7,63.7,74.4,90.8,48.1,90.8,87.3,97.8,81.5,1,1,1,0,1,1,0,7764,3.04,1.34,58
20131200,9026,6959,2655,2391,1496,149,269,2067,1017,641,208,70.6,66.6,70.4,63.9,75.6,90.1,49.2,90.1,86.8,96.7,81.6,1,1,1,0,1,1,0,7818,3.05,1.35,57.9
20140100,6624,5402,1649,2208,1184,164,196,1222,342,538,183,71.2,67.2,71.2,64.8,76.6,90.6,49.7,90.6,87.3,97.1,81.9,1,1,1,0,1,1,0,7729,3.04,1.35,57.9
20140200,6291,5078,1391,2200,1138,168,181,1213,315,548,203,71.2,67.2,70.9,64.3,77,90.2,50.6,90.2,86.7,96.8,81.8,1,1,1,0,1,1,0,7746,3.04,1.33,58
20140300,6829,5435,1602,2268,1213,182,171,1394,373,622,221,71.9,67.9,71.8,64.7,77.8,90.6,51.5,90.6,87.1,97.4,82.2,1,1,1,0,1,1,0,7810,3.04,1.32,58.2
20140400,6605,5206,1545,2189,1130,187,155,1398,395,605,223,73.9,69.9,73.7,66.7,80.1,92.9,53.3,92.9,88.7,100.3,84.3,1,1,1,0,1,1,1,7733,3.04,1.33,58.3
20140500,7085,5564,1813,2230,1162,186,174,1521,439,656,227,74.5,70.6,73.7,68,80.7,93.1,53.8,93.1,89.1,100.5,84.2,1,1,1,0,1,1,1,7770,3.04,1.32,58.3
20140600,6945,5402,1668,2246,1139,195,155,1543,539,607,212,75,71.2,73.9,68.9,80.6,93.1,53.6,93.1,89.1,100.4,84.2,1,1,1,0,1,1,1,7791,3.03,1.31,58.2
20140700,6879,5280,1623,2211,1104,199,143,1599,592,604,207,75.4,71.6,73.6,69.7,80.5,93.5,54,93.5,89.4,101.2,84,1,1,1,0,1,1,1,7720,3.03,1.31,58.1
20140800,7223,5709,1910,2299,1115,201,184,1514,452,632,202,75.8,72.1,74.5,70.3,80.8,93.4,55,93.4,90.1,100.1,84.5,1,1,1,1,1,1,1,7789,3.03,1.31,58.2
20140900,6768,5372,1583,2219,1199,197,173,1396,364,633,220,76.1,72.3,74.8,70.5,80.7,94,54.6,94,90.6,100.9,85,1,1,1,1,1,1,1,7788,3.03,1.3,58.3
20141000,7235,5743,1675,2428,1248,200,191,1492,383,695,235,76.1,72.3,74.3,70.3,80.6,93.8,56.3,93.8,90.7,100.3,85,1,1,1,1,1,1,1,7775,3.03,1.29,58.5
20141100,7434,5794,1648,2459,1277,195,214,1640,561,658,231,76.6,72.9,74.9,70.6,81.7,93.6,56.7,93.6,90.8,99.7,85.3,1,1,1,1,1,1,1,7823,3.03,1.3,58.6
20141200,10011,7795,3013,2665,1618,182,317,2216,1078,669,237,76.6,73,74.8,70.6,82.3,93.4,57.7,93.4,90.2,99.7,85,1,1,1,1,1,1,1,7810,3.03,1.31,58.7
20150100,7085,5821,1771,2420,1239,184,207,1264,329,571,195,77.2,73.7,75.9,72.1,82.7,93.8,57.7,93.8,90.7,100,85.6,1,1,1,1,1,1,1,7761,3.02,1.32,58.6
20150200,6776,5486,1486,2382,1232,194,193,1290,320,584,209,77.4,73.9,75.7,72.5,82.6,93.9,57.8,93.9,90.6,100.2,85.9,1,1,1,1,1,1,1,7779,3.03,1.33,58.8
20150300,7187,5770,1612,2490,1283,196,188,1417,362,633,239,77.7,74.2,76.6,72.8,82.7,94.1,58,94.1,90.9,100.1,86.7,1,1,1,1,1,1,1,7763,3.02,1.34,58.7
20150400,7237,5769,1628,2460,1296,207,178,1468,387,653,233,78,74.6,77.7,72.5,83.1,94.5,59,94.5,91,100.6,87.9,1,1,1,1,1,1,1,7778,3.02,1.36,58.6
20150500,7444,5875,1790,2444,1239,207,195,1569,440,650,240,78,74.5,77.1,73,83.1,94.7,58.9,94.7,90.8,101,88.2,1,1,1,1,1,1,1,7786,3.02,1.35,58.7
20150600,7127,5591,1544,2454,1214,215,165,1536,489,617,235,78.2,74.8,77.5,73.3,83.2,94.5,59.6,94.5,90.5,100.8,88,1,1,1,1,1,1,1,7768,3.02,1.36,58.8
20150700,7187,5514,1634,2376,1143,205,157,1672,626,599,216,78.2,74.7,77.7,73.4,82.3,94.3,60.1,94.3,90.4,100.6,88,1,1,1,1,1,1,1,7731,3.02,1.36,59
20150800,7444,5791,1824,2436,1128,198,204,1653,527,658,212,78.1,74.8,77.8,73.6,81.9,93.7,59.5,93.7,90.1,99.6,87.6,1,1,1,1,1,1,1,7795,3.01,1.36,58.9
20150900,7036,5604,1590,2387,1228,215,185,1432,372,644,227,78.6,75.3,78.5,73.4,82.5,94.1,61.7,94.1,90.4,100.4,87.4,1,1,1,1,1,1,1,7803,3.01,1.35,58.9
20151000,7385,5961,1660,2572,1298,210,220,1424,371,630,224,78.7,75.5,78.4,73.7,83.4,93.7,62.5,93.7,89.7,100.1,87.4,1,1,1,1,1,1,1,7795,3.01,1.35,59.1
20151100,7485,6020,1667,2586,1330,212,224,1466,487,584,215,78.9,75.7,79.1,73.7,83.4,93.7,62.6,93.7,89.8,99.9,87.7,1,1,1,1,1,1,1,7749,3.01,1.35,59
20151200,9974,7797,2919,2706,1677,187,308,2177,1097,636,210,79.2,76.1,80.2,73.8,83.5,93.5,64,93.5,89.5,99.5,88,1,1,1,1,1,1,1,7751,3.01,1.35,59.1
20160100,7469,6190,1843,2575,1336,199,236,1280,356,559,184,79.4,76.4,80.8,73.6,83.5,93.5,64.3,93.5,89.9,99.1,88.1,1,1,1,1,1,1,1,7762,3,1.36,58.9
20160200,7145,5855,1650,2492,1292,205,217,1290,315,583,210,79.3,76.3,80.5,73.2,84,93.7,64.8,93.7,89.7,99.7,88.5,1,1,1,1,1,1,1,7759,3,1.36,59.1
20160300,7313,5919,1737,2474,1302,218,188,1393,346,616,223,79.4,76.3,81,73.4,83,93.9,64.3,93.9,90.2,99.8,87.7,1,1,1,1,1,1,1,7724,3,1.35,59.1
20160400,7178,5760,1733,2404,1226,216,183,1417,361,620,218,79.2,76.1,80.9,72.7,82.9,93.9,64.2,93.9,90.4,99.7,87.8,1,1,1,1,1,1,1,7703,3,1.36,59.1
20160500,7472,5929,1839,2425,1253,220,192,1543,415,662,228,79.2,76.2,81,72.7,82.8,93.2,64.3,93.2,89.6,99.2,86.8,1,1,1,1,1,1,1,7735,2.99,1.35,59.2
20160600,6993,5483,1648,2317,1154,212,152,1510,484,595,224,79.4,76.5,81.7,73.2,83.1,93.1,64.1,93.1,89.2,99.2,86.9,1,1,1,1,1,1,1,7709,2.99,1.36,59.2
20160700,7303,5573,1732,2341,1123,207,170,1730,668,596,215,79.6,76.7,81.8,73.6,82.9,93,64.6,93,89.3,99.1,86.4,1,1,1,1,1,1,1,7656,2.99,1.35,59.3
20160800,7378,5814,1880,2385,1114,211,224,1563,455,631,225,79.5,76.6,82.5,73.9,82.2,92.8,64.8,92.8,89.1,98.9,86.2,1,1,1,1,1,1,1,7657,2.99,1.33,59.3
20160900,6801,5433,1529,2331,1189,207,177,1368,346,616,215,79.6,76.8,83,73.7,82.6,92.8,64.7,92.8,89,99.2,85.8,1,1,1,1,1,1,1,7697,2.99,1.32,59.3
20161000,7264,5877,1628,2529,1303,203,214,1387,335,632,221,79.4,76.6,82.8,73,83.1,92.4,64.9,92.4,88.7,98.5,86,1,1,1,1,1,1,1,7708,2.99,1.32,59.3
20161100,7507,5944,1680,2505,1352,201,206,1563,547,623,216,79.6,76.9,82.9,73.4,82.6,92.4,64.4,92.4,88.6,98.8,85.6,1,1,1,1,1,1,1,7699,2.98,1.32,59.3
20161200,9717,7756,2938,2688,1646,188,298,1961,876,654,221,79.6,77,83.7,73.3,83.1,91.8,64.6,91.8,87.5,98.5,85.4,1,1,1,1,1,1,1,7720,2.98,1.31,59.5
20170100,7280,6045,1759,2547,1325,192,222,1234,320,551,192,79.9,77.3,83.9,73.3,83.6,91.8,65.5,91.8,88.1,98,85.2,1,1,1,1,1,1,1,7673,2.98,1.31,59.4
20170200,6720,5508,1459,2403,1246,193,207,1212,290,543,198,80.1,77.6,84.2,73.6,83.7,91.7,66,91.7,88.1,97.9,84.7,1,1,1,1,1,1,1,7714,2.98,1.32,59.5
20170300,7242,5866,1645,2497,1307,219,197,1376,335,616,222,80.2,77.7,85,73.7,83.8,91.8,66.4,91.8,88,98.3,84.7,1,1,1,1,1,1,1,7689,2.98,1.32,59.6
20170400,7140,5743,1665,2414,1268,221,175,1397,344,633,213,80.2,77.8,84.8,73.8,84.2,91.2,66.6,91.2,87.2,97.6,84.5,1,1,1,1,1,1,1,7719,2.97,1.32,59.6
20170500,7436,5919,1793,2436,1287,225,178,1516,405,657,232,80.5,78.3,85.6,74,84.4,90.7,66.9,90.7,86.8,97,84.1,1,1,1,1,1,1,1,7735,2.98,1.32,59.4
20170600,7179,5672,1665,2378,1232,235,161,1507,450,615,223,80.3,78.1,85.5,73.8,84.2,90.7,65.9,90.7,86.8,97,83.9,1,1,1,1,1,1,1,7706,2.98,1.32,59.5
20170700,7323,5693,1694,2412,1184,231,172,1629,562,603,212,80.5,78.3,85.4,74.9,84.4,90.8,65.3,90.8,87.4,96.9,84.1,1,1,1,1,1,1,1,7710,2.98,1.3,59.6
20170800,7611,6015,1972,2419,1180,227,217,1596,473,649,220,80.7,78.6,85,75.2,84.4,90.5,66.6,90.5,87.4,96.2,83.6,1,1,1,1,1,1,1,7738,2.98,1.32,59.6
20170900,7214,5813,1655,2457,1269,221,210,1401,354,627,220,81,78.9,85.6,75.5,84.9,90.5,65.9,90.5,87.2,96.7,83.2,1,1,1,1,1,1,1,7729,2.98,1.32,59.5
20171000,7777,6337,1801,2680,1403,220,233,1440,348,671,230,80.8,78.7,84.9,75.9,85,90.3,65.8,90.3,87,96.1,83.9,1,1,1,1,1,1,1,7737,2.98,1.33,59.7
20171100,7719,6190,1745,2614,1387,203,241,1529,507,623,218,81,79,85.4,76.5,84.1,90.4,65.1,90.4,86.7,96.7,83.7,1,1,1,1,1,1,1,7678,2.98,1.34,59.8
20171200,10154,8101,3107,2771,1728,196,299,2053,944,647,222,81,79.2,85.4,76.8,85.1,89.6,65.1,89.6,85.4,96.3,82.6,1,1,1,1,1,1,1,7671,2.98,1.34,59.7
20180100,7454,6198,1756,2626,1389,196,231,1256,325,574,192,81.2,79.4,86.2,76.4,85.4,89.5,65.7,89.5,85.4,96,82.9,1,1,1,1,1,1,1,7596,2.98,1.34,59.6
20180200,7013,5790,1584,2488,1306,198,212,1223,291,559,201,80.9,79,84.8,76.5,85.5,89.7,65.5,89.7,85.5,96.3,83,1,1,1,1,1,1,1,7654,2.97,1.34,59.5
20180300,7370,5979,1726,2521,1320,209,203,1391,332,623,221,80.8,78.9,84.9,75.7,85,89.4,65.9,89.4,85.8,95.5,83,1,1,1,1,1,1,1,7656,2.97,1.34,59.2
20180400,7318,5898,1719,2492,1281,209,196,1420,352,619,219,80.5,78.6,85.1,75.1,85.2,89.3,66.5,89.3,85.6,95.3,82.9,1,1,1,1,1,1,1,7662,2.97,1.36,59.2
20180500,7522,6055,1749,2565,1316,227,197,1467,377,648,226,80.5,78.7,84.7,75.5,84.5,88.9,67.5,88.9,85.5,94.6,82.6,1,1,1,1,1,1,1,7648,2.97,1.35,59.3
20180600,7303,5830,1692,2495,1231,227,186,1474,420,603,225,80.3,78.5,84.3,75.6,84.1,88.6,67.2,88.6,85.1,94.4,82.2,1,1,1,1,1,1,1,7649,2.97,1.36,59.3
20180700,7310,5759,1676,2483,1194,216,191,1551,515,596,207,80.6,78.9,85.1,76.2,83.7,88.4,67.9,88.4,85.3,94,82.3,1,1,1,1,1,1,1,7648,2.98,1.36,59.2
20180800,7414,5904,1874,2428,1163,207,231,1510,423,620,204,80.8,79.2,85.9,76.8,83.4,88,67.3,88,84.7,93.6,81.8,1,1,1,1,1,1,1,7671,2.98,1.36,59.3
20180900,7352,5961,1665,2546,1302,239,208,1390,333,633,215,81.2,79.7,85.8,76.8,84.7,88.3,68.3,88.3,84.6,94.3,81.9,1,1,1,1,1,1,1,7617,2.97,1.35,59.4
20181000,7568,6163,1735,2605,1371,224,229,1405,337,640,219,81.1,79.6,85.6,77.1,84.5,87.9,68.6,87.9,84.5,93.7,81.7,1,1,1,1,1,1,1,7620,2.98,1.35,59.4
20181100,7507,6050,1698,2584,1339,212,218,1457,477,600,208,81,79.5,85.6,77.1,84.5,88,67.9,88,84.6,93.6,82.2,1,1,1,1,1,1,1,7600,2.98,1.35,59.2
20181200,9819,7931,2997,2758,1665,202,308,1888,797,628,238,81.1,79.6,85.9,77.1,84.5,88.1,68.5,88.1,84.6,93.9,82,1,1,1,1,1,1,1,7639,2.98,1.34,59.1
20190100,7422,6181,1810,2592,1348,209,221,1241,311,541,201,81.5,80,86.8,77.1,85.1,88.2,68.9,88.2,84.5,94.1,82.1,1,1,1,1,1,1,1,7555,2.98,1.34,59.2
20190200,6888,5655,1515,2425,1298,208,209,1233,297,542,201,81.3,79.8,86.3,76.9,84.9,87.9,68.3,87.9,84.2,93.8,81.6,1,1,1,1,1,1,1,7572,2.98,1.33,59.2
20190300,7364,5963,1671,2538,1332,227,195,1401,333,627,229,81.5,80.1,87,77.1,84.7,87.6,69.3,87.6,84.6,92.7,82.1,1,1,1,1,1,1,1,7581,2.97,1.33,59.2
20190400,7149,5745,1682,2394,1271,215,182,1405,339,621,209,81.4,80,86.9,77,84,87.7,70,87.7,84.2,93.4,81.9,1,1,1,1,1,1,1,7541,2.97,1.33,59.4
20190500,7375,5882,1777,2393,1296,225,191,1493,391,632,223,81.3,79.9,86.8,77.4,83.4,87.6,69.6,87.6,84.7,92.8,81.5,1,1,1,1,1,1,1,7548,2.97,1.34,59.5
20190600,7212,5700,1625,2408,1268,224,175,1513,457,599,222,81.5,80.1,86.6,77.4,83.8,87.9,70.2,87.9,84,93.9,81.8,1,1,1,1,1,1,1,7553,2.97,1.35,59.6
20190700,7029,5452,1518,2358,1185,229,162,1578,518,593,213,81.7,80.3,86.6,77.7,84.3,87.8,69.8,87.8,84.2,93.7,81.9,1,1,1,1,1,1,1,7501,2.96,1.35,59.6
20190800,7343,5760,1853,2335,1121,212,239,1583,461,619,201,81.8,80.5,87.1,77.9,84.2,87.5,70.6,87.5,84.4,92.8,81.8,1,1,1,1,1,1,1,7479,2.96,1.35,59.6
20190900,7126,5675,1560,2438,1242,236,199,1451,355,630,216,81.5,80.2,86.1,77.7,84,87.6,70.5,87.6,84.6,92.7,82.3,1,1,1,1,1,1,1,7517,2.96,1.35,59.5
20191000,7282,5828,1522,2555,1312,223,215,1454,349,664,228,81.7,80.4,86.6,77.8,83.3,87.5,71.3,87.5,84.3,93,81.3,1,1,1,1,1,1,1,7470,2.96,1.35,59.3
20191100,7436,5915,1649,2516,1309,208,234,1521,486,626,206,82,80.8,87.7,77.9,84.6,87.3,71.9,87.3,84.2,92.7,81.6,1,1,1,1,1,1,1,7466,2.96,1.34,59.3
20191200,9737,7780,2996,2685,1605,196,298,1957,795,665,233,81.7,80.5,88.4,77.4,83.7,86.8,71.3,86.8,84.2,91.6,81.2,1,1,1,1,1,1,1,7481,2.96,1.34,59.4
20200100,7162,5913,1704,2469,1309,211,220,1250,308,558,190,82.4,81.3,88.7,79.2,85.2,87.2,72,87.2,84.5,91.9,81.3,1,1,1,1,1,1,1,7443,2.96,1.34,59.3
20200200,7261,5952,1664,2545,1310,222,211,1309,290,599,217,81.9,80.8,88.9,78.5,83.9,86.8,71.5,86.8,84.1,91.7,81.1,1,1,1,1,1,1,1,7475,2.96,1.33,59.3
20200300,8155,6612,1848,2820,1451,262,231,1544,349,682,252,81.9,80.7,88.1,78.6,83.6,87,71.8,87,84.2,91.7,81.6,1,1,1,1,1,1,1,7489,2.96,1.32,59.5
20200400,8610,7002,1976,2907,1574,300,245,1609,372,702,271,81.9,80.8,88,78.5,83.8,86.8,71.8,86.8,83.9,91.7,81.5,1,1,1,1,1,1,1,7534,2.96,1.33,59.5
20200500,9115,7405,2268,2942,1578,312,304,1710,416,713,276,82.3,81.2,89.1,79.5,84.3,87.1,71.7,87.1,84,92,81.8,1,1,1,1,1,1,1,7430,2.96,1.33,59.6
20200600,8009,6396,1811,2678,1408,271,227,1613,472,624,241,82.5,81.5,89.1,80.2,84.2,86.9,71.1,86.9,84,91.9,81.7,1,1,1,1,1,1,1,7489,2.95,1.33,59.8
20200700,8003,6312,1797,2671,1364,270,210,1691,522,645,234,83,82.1,89.4,80.3,84.4,86.8,71.9,86.8,83.6,92.1,81.6,1,1,1,1,1,1,1,7521,2.95,1.33,59.9
20200800,8406,6733,2113,2710,1348,270,292,1673,471,654,228,82.2,81.3,88.1,80.4,83.4,86.3,70.6,86.3,83.6,90.8,81.6,1,1,1,1,1,1,1,7557,2.95,1.34,59.9
20200900,7735,6219,1801,2605,1327,255,231,1517,362,667,230,82.2,81.2,88.1,80.6,84.4,86.6,69.3,86.6,83.8,91.5,81.4,1,1,1,1,1,1,1,7535,2.95,1.34,59.9
20201000,7960,6447,1771,2751,1424,250,250,1513,353,666,247,82.6,81.8,89,80.8,85.4,86.2,70,86.2,83.9,90.8,81.3,1,1,1,1,1,1,1,7532,2.94,1.35,59.9
20201100,8146,6506,1836,2746,1425,229,271,1640,477,667,246,82.6,81.8,88.6,80.9,85.5,86.3,69.9,86.3,83.8,90.8,81.2,1,1,1,1,1,1,1,7506,2.94,1.35,60.1
20201200,10510,8452,3088,3017,1763,228,356,2058,763,727,258,82.7,81.9,88.9,80.5,86.2,86.1,70.1,86.1,83.6,90.6,81,1,1,1,1,1,1,1,7540,2.95,1.35,60.1
20210100,8097,6717,1920,2817,1469,240,271,1379,316,608,220,83,82.3,89.2,80.9,87.5,86.3,70.3,86.3,84,90.9,81.3,1,1,1,1,1,1,1,7485,2.94,1.35,60.3
20210200,7456,6111,1670,2594,1359,233,255,1344,313,590,223,82.8,82,89.2,80.7,87.3,86.3,70,86.3,83.7,90.9,80.9,1,1,1,1,1,1,1,7485,2.94,1.34,60.3
20210300,7856,6369,1845,2641,1406,258,219,1487,356,635,238,82.8,82,89,80.9,86.6,86.3,70.4,86.3,83.9,90.7,81.2,1,1,1,1,1,1,1,7425,2.94,1.34,60.4
20210400,7732,6214,1759,2594,1384,248,230,1517,360,652,236,82.5,81.7,88.7,80.3,86.4,86.2,70.3,86.2,83,90.9,80.8,1,1,1,1,1,1,1,7459,2.93,1.34,60
20210500,8386,6781,2096,2701,1426,267,291,1605,405,668,241,82.3,81.4,87.8,80.2,86.1,86,70.5,86,83.5,90.3,80.7,1,1,1,1,1,1,1,7459,2.93,1.34,60
20210600,7670,6105,1765,2506,1328,263,242,1566,477,621,220,82.7,81.8,89.3,80.6,85.9,86.4,71.4,86.4,83.5,90.6,81,1,1,1,1,1,1,1,7401,2.93,1.34,60.1
20210700,7722,6097,1813,2527,1265,257,236,1625,516,614,215,82.9,82.1,88.9,80.4,86.6,86.2,72.1,86.2,83.1,90.6,80.6,1,1,1,1,1,1,1,7370,2.93,1.32,60.1
20210800,8381,6742,2113,2705,1341,271,312,1639,438,656,228,83.1,82.4,89.9,80.8,85.1,86.2,73.7,86.2,83.3,90.6,80.6,1,1,1,1,1,1,1,7397,2.93,1.33,60.1
20210900,7773,6335,1811,2639,1383,250,253,1438,353,607,229,83.3,82.8,89.3,81.4,85.7,85.8,74.4,85.8,83.3,90.6,80.2,1,1,1,1,1,1,1,7378,2.93,1.33,59.9
20211000,7850,6378,1760,2690,1424,235,269,1472,341,645,234,83.6,83.1,89.3,81.6,84.9,85.9,75.2,85.9,83.5,90.4,80.1,1,1,1,1,1,1,1,7407,2.93,1.33,59.9
20211100,7837,6264,1675,2670,1429,228,262,1573,450,644,226,84.1,83.7,90.1,81.8,85.6,85.8,77.6,85.8,83.5,90.2,80.4,1,1,1,1,1,1,1,7411,2.93,1.34,59.9
20211200,10016,8115,2983,2808,1702,208,413,1902,711,672,234,84.2,83.8,90.5,81.6,86.3,85.8,77.9,85.8,83.4,89.9,80.3,1,1,1,1,1,1,1,7416,2.92,1.33,60.2
20220100,7827,6474,1781,2755,1450,232,256,1353,325,591,204,84.4,84,91.1,81.5,86.5,86.1,77.3,86.1,83.6,90.2,80.6,1,1,1,1,1,1,1,7353,2.92,1.33,60
20220200,7408,6090,1571,2640,1404,233,242,1318,282,600,207,84.7,84.2,90.6,81.7,86.9,86.8,77.8,86.8,83.3,92.1,80.6,1,1,1,1,1,1,1,7315,2.92,1.31,60.2
20220300,7769,6352,1739,2672,1439,253,250,1417,314,629,223,84.9,84.2,91,82.1,86.3,87.9,77.7,87.9,83.9,93.6,81.1,1,1,1,1,1,1,1,7369,2.92,1.33,60.1
20220400,7556,6092,1654,2590,1368,245,236,1464,332,643,211,84.6,83.8,89.8,82.1,85.5,88.4,77.6,88.4,84.4,94.2,81.7,1,1,1,1,1,1,1,7357,2.91,1.33,60
20220500,8083,6495,1904,2657,1403,257,274,1588,384,662,222,84.5,83.7,89.4,81.5,85.7,87.8,78.5,87.8,84.3,93.2,81.5,1,1,1,1,1,1,1,7391,2.91,1.34,60
20220600,7537,5989,1643,2511,1375,252,207,1548,440,622,219,85.4,84.8,90.1,82.5,86.4,88.2,81.1,88.2,84.4,93.1,81.9,1,1,1,1,1,1,1,7348,2.91,1.34,60.2
20220700,7831,6209,1789,2590,1345,264,221,1623,455,647,209,85.6,85.1,89.9,83.1,86.4,88.1,81.2,88.1,84.4,93.3,81.2,1,1,1,1,1,1,1,7307,2.91,1.34,60.3
20220800,8096,6495,1958,2691,1309,258,279,1601,414,636,218,86.5,86.1,91.1,85.1,86.8,88,81.6,88,84.8,92.4,81.9,1,1,1,1,1,1,1,7339,2.91,1.34,60.3
20220900,7733,6280,1722,2710,1386,250,212,1453,350,634,217,87,86.7,91.6,86.1,87.3,88.1,83.1,88.1,85.1,93,82.2,1,1,1,1,1,1,1,7369,2.91,1.34,60.2
20221000,8210,6689,1779,2864,1534,244,268,1520,339,683,225,88.5,88,91.4,87.3,88.8,90.7,84.1,90.7,86.5,97.2,83.7,1,1,1,1,1,1,1,7324,2.91,1.33,60.2
20221100,8061,6504,1731,2760,1505,242,266,1558,433,657,211,89.5,89,91.9,88.7,89.4,91.9,85.3,91.9,87.2,99.2,84.2,1,1,1,1,1,1,1,7308,2.9,1.33,60
20221200,10543,8589,3084,3047,1854,236,367,1954,690,719,245,90.2,89.8,92.2,89.3,91.9,91.8,85.7,91.8,87.3,98.9,84.5,1,1,1,1,1,1,1,7315,2.9,1.33,60.1
20230100,8172,6775,1783,2925,1559,243,266,1397,313,618,212,90.8,90.4,91.9,89.7,93,92.1,87.1,92.1,87.5,99.4,84.5,1,1,1,1,1,1,1,7207,2.9,1.34,60
20230200,7565,6219,1554,2712,1475,245,234,1346,286,620,208,91,90.7,92.2,89.8,94.2,92.7,86.8,92.7,87.4,100.3,84.9,1,1,1,1,1,1,1,7185,2.9,1.33,60.1
20230300,7821,6345,1596,2762,1511,251,225,1476,330,648,226,91.4,91.1,92.2,90.1,94.9,92.5,87,92.5,87.7,99.7,85.4,1,1,1,1,1,1,1,7240,2.9,1.33,60.4
20230400,8175,6649,1758,2817,1566,255,253,1526,331,673,237,91.7,91.6,93.1,89.7,95.4,92.1,87.6,92.1,88.8,97.4,86.5,1,1,1,1,1,1,1,7228,2.9,1.35,60.2
20230500,8294,6669,1833,2740,1530,273,293,1625,368,690,228,91.7,91.4,92.4,89.9,95.1,93.4,87.1,93.4,89.2,100.2,86.3,1,1,1,1,1,1,1,7284,2.9,1.34,60.1
20230600,7755,6234,1587,2681,1492,257,217,1520,418,622,205,92,91.6,92.3,90.3,95.7,93.3,88.4,93.3,89.6,99.7,86.6,1,1,1,1,1,1,1,7256,2.9,1.35,60.4
20230700,7902,6261,1643,2698,1422,262,236,1641,470,645,196,92.1,91.7,92.9,90.6,95.1,94.1,87.8,94.1,89.7,100.2,87.8,1,1,1,1,1,1,1,7231,2.9,1.34,60.4
20230800,8078,6443,1800,2681,1411,258,293,1635,448,658,199,92.2,91.8,93.1,90.8,94.9,94,88,94,89.9,99.5,88.5,1,1,1,1,1,1,1,7254,2.89,1.33,60.3
20230900,7733,6275,1536,2755,1487,262,235,1458,342,629,204,92.9,92.5,93,91.8,95.5,94.3,89.6,94.3,90.3,99.8,88.8,1,1,1,1,1,1,1,7267,2.89,1.33,60.3
20231000,8103,6599,1621,2862,1587,263,266,1504,340,687,215,92.7,92.6,93.7,92.4,94.9,93,89.3,93,91.2,96.1,88.9,1,1,1,1,1,1,1,7309,2.89,1.32,60.2
20231100,8213,6660,1715,2860,1569,241,274,1553,406,667,215,93,92.6,93.6,92.3,94.5,94.5,90.2,94.5,90.8,99.8,89.6,1,1,1,1,1,1,1,7300,2.89,1.33,60.2
20231200,10646,8683,3025,3060,1950,246,403,1963,699,720,247,93.5,93.2,93.8,93.1,94.7,94.5,92.1,94.5,90.9,99.6,89.8,1,1,1,1,1,1,1,7348,2.89,1.33,60.2
20240100,8098,6735,1752,2866,1608,259,250,1363,317,611,197,93.3,93,93.7,92.4,95.1,94.9,91.4,94.9,91.2,100,90.2,1,1,1,1,1,1,1,7258,2.89,1.34,60.2
20240200,7844,6455,1522,2808,1605,252,267,1389,291,631,204,93.4,93.1,94.1,92,95.2,94.9,92.8,94.9,91.4,100.1,89.8,1,1,1,1,1,1,1,7294,2.89,1.33,60.2
20240300,8320,6807,1704,2893,1650,296,264,1513,330,684,222,93.5,93.2,94.8,92.3,95.3,94.8,92.7,94.8,91.7,99.9,90.1,1,1,1,1,1,1,1,7243,2.89,1.33,60
20240400,7883,6358,1602,2695,1539,287,234,1525,329,683,223,93.6,93.2,94.9,92.3,94.5,95.3,92.3,95.3,92.2,99.9,90.9,1,1,1,1,1,1,1,7199,2.88,1.33,60.4
20240500,8297,6688,1795,2742,1585,311,256,1609,378,685,218,93.7,93.2,95.1,92.5,93.6,95.8,93.5,95.8,93.1,99.8,91.3,1,1,1,1,1,1,1,7223,2.88,1.33,60.2
20240600,7928,6366,1610,2727,1524,283,221,1562,416,653,215,94.2,93.8,95.5,93.7,93.4,96.3,93.4,96.3,93.8,100.1,92,1,1,1,1,1,1,1,7212,2.88,1.34,60.2
20240700,7728,6183,1554,2724,1411,297,198,1544,434,626,200,95.5,95.4,95.9,95.5,93.1,96.4,96,96.4,93.5,100,91.7,1,1,1,1,1,1,1,7213,2.88,1.33,60.5
20240800,8241,6601,1855,2749,1427,293,276,1640,422,669,202,96.5,96.5,97.2,97.3,93.4,96.4,96.4,96.4,93.7,100,92,1,1,1,1,1,1,1,7236,2.88,1.34,60.5
20240900,7772,6309,1644,2688,1467,282,228,1462,343,634,204,96.7,96.6,96.9,97.9,92.9,97.1,96.4,97.1,94.9,100.6,92.5,1,1,1,1,1,1,1,7238,2.88,1.34,60.4
20241000,8119,6611,1631,2850,1595,279,257,1508,339,680,199,97.4,97.3,97.6,98.4,94.1,97.8,97.6,97.8,96.6,99.7,95.3,1,1,1,1,1,1,1,7202,2.88,1.34,60.6
20241100,8254,6650,1560,2927,1629,251,282,1603,443,682,208,97.2,96.8,98.2,97.6,93.6,99,96.8,99,98.5,100.5,96.4,1,1,1,1,1,1,1,7272,2.88,1.34,60.6
20241200,10842,8895,3090,3148,1993,250,414,1947,648,764,232,97.4,97,97.7,97.8,94.5,98.8,97.4,98.8,98.8,99.7,96.6,1,1,1,1,1,1,1,7251,2.88,1.33,60.6
20250100,8115,6730,1633,2901,1650,251,295,1385,311,625,187,98.6,98.3,99.6,98.4,96.3,99.7,99.4,99.7,99.2,100.8,97.1,1,1,1,1,1,1,1,7147,2.88,1.34,60.4
20250200,7654,6290,1398,2777,1601,255,260,1364,287,635,196,98.4,98.1,98.6,98.3,96.2,99.6,98.4,99.6,99.5,100.6,97,1,1,1,1,1,1,1,7273,2.88,1.33,60.4
20250300,8356,6835,1568,2991,1719,290,267,1521,311,718,222,98.3,98,99.2,98.6,96.1,99.7,99.1,99.7,100,100.5,97.7,1,1,1,1,1,1,1,7263,2.88,1.33,60.6
20250400,8252,6695,1618,2891,1630,302,253,1558,339,683,223,98.3,98,99.1,98,96.6,99.5,98.8,99.5,99.3,100.1,99,1,1,1,1,1,1,1,7302,2.88,1.32,60.5
20250500,8635,6986,1755,2947,1664,326,293,1649,371,689,230,99.5,99.4,100.2,98.3,98.6,100,100.7,100,99.8,100.4,99.7,1,1,1,1,1,1,1,7325,2.87,1.33,60.5
20250600,8175,6552,1596,2844,1572,313,229,1622,428,659,213,100,99.9,100.1,99,100.6,100.2,99.7,100.2,100.7,100.5,100.2,1,1,1,1,1,1,1,7285,2.87,1.33,60.6
20250700,8114,6493,1588,2824,1538,305,237,1622,437,652,195,100.5,100.6,100.3,100.4,101.7,100.4,100.2,100.4,100.8,100.4,100.5,1,1,1,1,1,1,1,7260,2.87,1.35,60.8
20250800,8626,6934,1846,2889,1575,303,321,1693,428,692,209,101.2,101.3,99.9,101.9,102.1,100.7,99.9,100.7,100.9,100.3,101.6,1,1,1,1,1,1,1,7256,2.87,1.35,61
20250900,8001,6519,1532,2859,1599,294,236,1482,347,642,192,101.3,101.4,100.4,102.4,102.8,100.7,99.7,100.7,100.7,100.3,101.6,1,1,1,1,1,1,1,7270,2.87,1.35,60.7
20251000,8410,6894,1593,3021,1734,280,266,1516,336,689,197,100.9,101.2,100.1,101.6,102.6,99.2,100.4,99.2,100.4,96.9,101.9,1,1,1,1,1,1,1,7232,2.87,1.35,61
20251100,8845,7245,1735,3185,1789,266,269,1600,414,690,207,101.3,101.6,100.6,101.1,102.9,100.4,101.9,100.4,99.3,100,101.7,1,1,1,1,1,1,1,7239,2.87,1.35,61
20251200,11059,9093,3018,3285,2112,261,417,1966,670,760,231,101.8,102.2,101.9,101.9,103.6,100,101.6,100,99.4,99.2,102,1,1,1,1,1,1,1,7276,2.87,1.34,61
20260100,8644,7217,1724,3126,1796,288,282,1427,309,646,198,102.1,102.3,102.5,102.4,103.6,101,101.6,101,100.5,99.9,102.8,1,1,1,1,1,1,1,7199,2.87,1.32,61
20260200,8023,6639,1494,2929,1688,267,262,1384,289,628,193,101.8,102,101.5,101.9,103.5,101,100.6,101,100.2,99.8,102.7,1,1,1,1,1,1,1,7257,2.87,1.33,61.1
20260300,8717,7166,1673,3114,1808,303,268,1551,324,694,217,101.8,102.1,102.7,100.5,102.9,100.5,103.9,100.5,99.6,99.2,102.6,1,1,1,1,1,1,1,7234,2.87,1.34,61
20260400,8500,6958,1629,3020,1750,297,262,1542,322,677,216,102.3,102.7,103.3,101.9,103.1,100.3,104.6,100.3,99.7,98.7,102.3,1,1,1,1,1,1,1,7222,2.86,1.34,61
20260500,9148,7461,1950,3082,1756,331,342,1687,390,714,209,102.7,103.2,103.3,103,103.1,100.3,105.3,100.3,99.8,98.8,102.2,1,1,1,1,1,1,1,7178,2.86,1.35,60.9
20260600,8548,6983,1619,3063,1724,320,257,1566,390,661,192,104,104.8,104,104.2,105.1,100.5,109.1,100.5,100.1,99.1,102.1,1,1,1,1,1,1,1,7162,2.86,1.36,60.8
20260700,8433,6863,1702,2958,1657,303,244,1570,412,640,194,104.4,105.4,105.1,104.5,104.4,100.2,111.3,100.2,99.7,98.5,101.8,1,1,1,1,1,1,1,7127,2.86,1.38,60.9
