会社名,コード,格付,格付2,クレジットウォッチ,DmySP,株価終値,売買単位,発行株式数,企業価値,営業純利益,減価償却費,減損損失,繰延法人税,負債合計,利子支払,税支払,営業活動からのキャッシュフロー,設備投資費用,売上総収益,期首資本,期末資本,総資産,純資産,新株予約権,自己資本,企業分類
ホクト,1379,A,-,安定的,NonSP,1922,100,33359040,64116074880,6262,6907,299,0,46096,80,1338,10471,3995,21901,50545,54140,100237,54140,0,54140,General
ミライト・ワン,1417,A,,ポジティブ,NonSP,2151,100,108325329,2.33008E+11,36242,6298,117,0,127428,48,9066,41602,8383,60790,218710,231323,358751,231323,0,226389,General
日鉄鉱業,1515,A,-,安定的,NonSP,6000,100,8352319,50113914000,6603,5302,912,0,72323,272,2803,9414,6775,27054,105208,116411,188735,116411,0,111075,General
高松コンストラクショングループ,1762,A,-,安定的,NonSP,2018,100,38880000,78459840000,12028,1266,0,0,105075,201,5955,4116,3450,38305,110139,115756,220831,115756,0,115716,General
大成建設,1801,AA,-,安定的,NonSP,3675,100,224541172,8.25189E+11,135416,10459,323,0,1026201,970,52650,67494,0,218798,753915,844420,1870622,844420,0,840845,General
大林組,1802,AA,-,安定的,NonSP,891,100,721509646,6.42865E+11,134573,20038,1188,0,1310648,1866,47753,24803,0,225784,850498,961979,2272628,961979,0,931009,General
清水建設,1803,AA,-,安定的,NonSP,803,100,788514613,6.33177E+11,110843,16710,0,0,1087227,3033,44966,80674,122892,190417,736412,821446,1908674,821446,0,815289,General
長谷工コーポレーション,1808,A,+,安定的,NonSP,1476,100,300794397,4.43973E+11,70866,5266,156,0,559294,1353,10622,31876,0,136231,387682,394365,953659,394365,0,394360,General
西松建設,1820,A,,安定的,NonSP,3550,100,55591502,1.9735E+11,23998,3350,280,0,264903,443,6778,4907,0,39761,199287,207537,472440,207537,0,205983,General
三井住友建設,1821,A,-,安定的,NonSP,482,100,162673321,78408540722,13500,2701,0,0,266518,1082,5813,16723,2703,38935,102443,110308,376826,110308,0,102406,General
大豊建設,1822,BBB,+,ネガティブ,J2,4245,100,18433163,78248776935,9513,1038,0,0,96769,67,2392,4357,7270,15097,64988,74130,170899,74130,307,73172,General
矢作建設工業,1870,BBB,+,安定的,NonSP,703,100,44607457,31359042271,5630,826,1817,0,75197,111,2252,6757,0,15699,52046,54639,129837,54639,0,54639,General
新日本建設,1879,A,-,安定的,NonSP,857,100,61360720,52586137040,13927,290,0,0,44651,5,3716,7005,28,18297,73274,81901,126552,81901,0,81901,General
五洋建設,1893,A,,安定的,J1,739,100,286013910,2.11364E+11,30165,7394,0,0,293844,667,9817,30690,11041,50038,141299,158403,452248,158403,0,158287,General
大和ハウス工業,1925,AA,,安定的,NonSP,3345,100,666238205,2.22857E+12,311210,78403,21065,0,3159548,10013,111165,430314,0,826883,1773388,1893504,5053052,1893504,91,1835197,General
積水ハウス,1928,AA,,安定的,J1,2161,100,684683466,1.4796E+12,185494,21726,356,0,1256974,2769,58499,191972,87490,473511,1306850,1368887,2625861,1368887,508,1326537,General
エクシオグループ,1951,A,+,安定的,NonSP,2713,100,117812419,3.19625E+11,38665,6789,406,0,202689,148,16953,6301,8841,75865,270109,288884,491574,288884,262,285654,General
日揮ホールディングス,1963,A,+,安定的,J1,978,100,259214827,2.53512E+11,22444,6432,2911,0,284912,180,15455,12467,8719,43782,390979,417616,702529,417616,0,417121,General
高砂熱学工業,1969,A,,安定的,NonSP,2004,100,70239402,1.4076E+11,14616,1537,0,0,135297,270,4776,22568,0,36845,125861,135849,271146,135849,0,132136,General
ニップン,2001,A,,安定的,J1,1573,100,78824009,1.2399E+11,13009,8981,576,0,138891,185,4162,14804,0,95681,158581,169126,308017,169126,234,164268,General
日清製粉グループ本社,2002,AA,,安定的,NonSP,1766,100,304357891,5.37496E+11,29762,22271,977,0,242640,2782,11336,49506,0,189084,409042,444774,687415,444774,116,433089,General
昭和産業,2004,A,-,安定的,J1,2993,100,33985420,1.01718E+11,11422,8816,21,0,110229,190,2508,13769,10506,46638,88721,103080,213309,103080,0,99615,General
中部飼料,2053,A,-,安定的,NonSP,1142,100,30371908,34684718936,5513,3213,0,0,27660,29,2288,5281,0,13579,56210,60272,87932,60272,0,59612,General
DM三井製糖ホールディングス,2109,A,,安定的,J1,1864,100,32639780,60840549920,5251,5440,0,0,55030,99,3452,11124,5680,24331,92395,91680,146710,91680,0,85214,General
パーソルホールディングス,2181,A,,ポジティブ,NonSP,2195,100,236704861,5.19567E+11,28579,10785,167,0,208258,346,11748,37574,3666,201413,163906,175158,383416,175158,0,157123,General
森永製菓,2201,A,,安定的,NonSP,3470,100,54189769,1.88038E+11,18944,7909,32,0,77992,32,7599,12127,19853,105646,105487,123923,201915,123923,0,123007,General
明治ホールディングス,2269,AA,-,安定的,J1,6780,100,152683400,1.03519E+12,103183,48411,2762,0,407642,622,24492,123683,63029,449625,597573,659358,1067000,659358,0,621428,General
日本ハム,2282,A,+,安定的,J1,4415,100,102958904,4.54564E+11,48874,34109,7069,0,381096,1376,10343,82518,0,211734,416597,444309,825405,444309,0,433595,General
丸大食品,2288,BBB,+,ネガティブ,J2,1730,100,26505581,45854655130,734,7798,299,0,55866,233,597,7673,0,49464,75056,77680,133546,77680,0,77068,General
宝ホールディングス,2531,A,,ポジティブ,J1,1271,100,199699743,2.53818E+11,20583,8068,432,0,115383,344,4767,27100,0,115594,181329,191535,306918,191535,0,156885,General
サントリー食品インターナショナル,2587,AA,-,安定的,J1,3835,100,309000000,1.18502E+12,94168,70652,1962,0,714694,2137,28232,134019,0,483855,837565,859556,1574251,859556,0,781755,General
ダイドーグループホールディングス,2590,A,-,安定的,NonSP,5310,100,16568500,87978735000,5252,6383,0,0,74984,200,832,12540,0,83518,89210,82609,157594,82609,0,81604,General
伊藤園,2593,A,+,安定的,J1,6450,100,123459342,7.96313E+11,13395,12427,4056,0,180007,436,5949,25351,0,215003,149695,153057,333065,153057,148,151773,General
日清オイリオグループ,2602,A,,安定的,NonSP,3015,100,33716257,1.01655E+11,12192,8061,1520,0,138894,391,4223,6340,14153,60389,149324,153259,292154,153259,0,145552,General
Jオイルミルズ,2613,A,-,安定的,NonSP,1849,100,33508446,61957116654,8186,4944,19,0,62033,117,2902,4270,3175,33988,89683,94475,156509,94475,0,94105,General
ゲオホールディングス,2681,BBB,+,ポジティブ,NonSP,1220,100,42405952,51735261440,2144,9999,1932,0,96755,230,1859,12428,5783,125223,75016,72982,169738,72982,410,72572,General
JALUX,2729,BBB,,安定的,J2,1667,100,12775000,21295925000,3611,987,325,0,27590,107,68,3825,425,12518,28046,24685,52276,24685,0,23465,General
エディオン,2730,A,,安定的,NonSP,1130,100,112005636,1.26566E+11,25273,10629,1350,0,192369,246,470,42964,5559,225638,180400,193841,386210,193841,0,193841,General
あらた,2733,A,-,安定的,NonSP,4260,100,18027640,76797746400,12164,4290,0,0,164437,174,3235,14071,4011,85708,82901,91017,255455,91017,0,91017,General
双日,2768,BBB,-,安定的,SP,334,100,1251499501,4.18001E+11,29417,31850,5470,0,1645476,11774,9405,84972,23889,188120,621898,654639,2300115,654639,0,619111,General
双日,2768,A,-,安定的,J1,334,100,1251499501,4.18001E+11,29417,31850,5470,0,1645476,11774,9405,84972,23889,188120,621898,654639,2300115,654639,0,619111,General
味の素,2802,A,+,安定的,SP,2786,100,549163354,1.52997E+12,98320,63045,16465,0,763443,3543,26172,165650,76889,406219,592070,667846,1431289,667846,0,620257,General
ニチレイ,2871,A,+,安定的,J1,2997,100,140041395,4.19704E+11,31603,19669,1273,0,195293,709,3547,45453,28529,98803,191388,210426,405719,210426,0,203326,General
永谷園ホールディングス,2899,BBB,+,安定的,NonSP,2120,100,19138703,40574050360,3418,2785,2025,0,54159,276,1218,5561,0,41782,32292,31034,85194,31034,0,29699,General
わらべや日洋ホールディングス,2918,BBB,+,安定的,NonSP,2324,100,17625660,40962033840,2001,4812,1673,0,37900,98,954,8338,5234,31314,44523,44372,82273,44372,0,44164,General
グンゼ,3002,A,,安定的,J1,4730,100,19293516,91258330680,3356,6155,402,0,44451,125,1306,8595,0,37982,109139,115178,159629,115178,158,113555,General
J.フロントリテイリング,3086,A,+,ネガティブ,J1,917,100,270565764,2.48109E+11,28672,50361,14122,0,899378,5580,75,56471,14729,134368,399681,364343,1263722,364343,0,352171,General
東洋紡,3101,A,,安定的,J1,1384,100,89048792,1.23244E+11,5582,19095,8923,0,302553,1283,6281,35028,0,90375,182636,188635,491188,188635,0,185729,General
ダイワボウホールディングス,3107,A,,安定的,NonSP,2204,100,96356460,2.1237E+11,36253,3405,681,0,254435,277,9789,9428,2757,81851,104741,129322,383757,129322,0,128287,General
トヨタ紡織,3116,AA,,安定的,NonSP,2200,100,187665738,4.12865E+11,57345,39947,0,0,476127,1120,15449,74483,48922,133423,321701,369650,845778,369650,0,334935,General
レスターホールディングス,3156,BBB,+,安定的,NonSP,1940,100,30072643,58340927420,4334,3100,4580,0,114127,740,3600,20133,3884,25122,73768,76258,190385,76258,9,73402,General
ユナイテッド・スーパーマーケット・ホールディングス,3222,A,,安定的,NonSP,1070,100,131681356,1.40899E+11,14904,12168,3615,0,136292,128,3147,29919,14731,222038,141695,148797,285090,148797,182,148164,General
野村不動産ホールディングス,3231,A,,ポジティブ,J1,2707,100,182320337,4.93541E+11,62820,20021,1285,0,1334956,9015,25540,63504,0,183057,565120,586350,1921306,586350,1406,583328,General
東急不動産ホールディングス,3289,A,,安定的,J1,615,100,719830974,4.42696E+11,41840,39803,2531,0,2043573,11896,12280,100411,0,164795,594246,608723,2652296,608723,0,596673,General
シップヘルスケアホールディングス,3360,A,,安定的,NonSP,2756,100,101669400,2.80201E+11,21235,3170,271,0,219394,325,7304,19772,4632,54486,104681,115103,334498,115103,0,111440,General
セブン&アイ・ホールディングス,3382,AA,,安定的,NonSP,4868,100,886441983,4.3152E+12,258776,235504,35484,0,4115497,10585,96758,539995,297859,2286692,2757222,2831335,6946832,2831335,56,2668927,General
セブン&アイ・ホールディングス,3382,A,,ネガティブ,SP,4868,100,886441983,4.3152E+12,258776,235504,35484,0,4115497,10585,96758,539995,297859,2286692,2757222,2831335,6946832,2831335,56,2668927,General
旭化成,3407,AA,,安定的,NonSP,1187,100,1393932032,1.6546E+12,150906,108369,1937,0,1424406,3209,70672,253676,133347,680709,1383460,1494535,2918941,1494535,0,1467477,General
セーレン,3569,A,,安定的,NonSP,2218,100,64633646,1.43357E+11,8199,4720,0,0,63804,49,1929,12958,3052,27895,79726,80897,144702,80897,618,79624,General
TIS,3626,A,,ポジティブ,NonSP,2835,100,263367294,7.46646E+11,44816,13318,2467,0,171642,227,16484,33345,10059,113712,247957,279429,451072,279429,0,270481,General
特種東海製紙,3708,BBB,,安定的,NonSP,4410,100,14900000,65709000000,7688,6543,3785,0,47804,197,1611,11638,7842,11087,77678,80286,128091,80286,176,73429,General
王子ホールディングス,3861,AA,-,安定的,NonSP,629,100,1014381817,6.38046E+11,80883,62758,0,0,1115831,6791,39202,127107,0,327431,831657,865606,1981438,865606,199,750981,General
日本製紙,3863,A,,ネガティブ,NonSP,1276,100,116254892,1.48341E+11,10657,63357,8584,0,1122605,7374,7949,84197,0,203653,386577,424721,1547326,424721,0,412369,General
三菱製紙,3864,BBB,-,安定的,J2,364,100,44741433,16285881612,1977,9031,987,0,146535,733,937,13014,0,22584,60527,62902,209438,62902,0,62898,General
北越コーポレーション,3865,A,,安定的,NonSP,608,100,188053114,1.14336E+11,13331,14482,114,0,167656,437,1570,23760,15526,38475,180861,195419,363075,195419,102,194703,General
大王製紙,3880,A,-,安定的,J1,1880,100,169012926,3.17744E+11,32717,34137,2575,0,603012,4311,15913,64210,54137,159580,209536,246788,849801,246788,0,239232,General
朝日印刷,3951,BBB,+,安定的,NonSP,905,100,23284929,21072860745,2317,2961,22,0,32140,87,697,4466,4358,8800,30243,31416,63557,31416,0,30999,General
住友化学,4005,A,+,安定的,J1,567,100,1655446177,9.38638E+11,137803,136017,40833,0,2508135,16091,54401,374464,0,771196,1392592,1482119,3990254,1482119,0,1019230,General
日産化学,4021,AA,-,安定的,NonSP,5340,100,144000000,7.6896E+11,45481,10346,0,0,64947,69,11076,39939,8254,87745,185528,200562,265509,200562,0,198829,General
クレハ,4023,A,,ポジティブ,J1,7160,100,20805407,1.48967E+11,17748,11672,1624,0,71402,211,7615,26704,0,42872,166623,185521,256923,185521,110,183830,General
石原産業,4028,BBB,,ポジティブ,NonSP,1115,100,40383943,45028096445,3938,5052,421,0,100506,537,315,4749,0,28622,76669,79515,180021,79515,0,79515,General
東ソー,4042,A,+,安定的,NonSP,1914,100,325080956,6.22205E+11,95061,40462,32,0,321096,1335,13341,95106,0,204387,609660,661679,982776,661679,213,615571,General
トクヤマ,4043,A,,安定的,NonSP,2310,100,72088327,1.66524E+11,30959,17003,825,0,181533,1524,4750,43314,23800,95152,180429,205261,386794,205261,0,198561,General
セントラル硝子,4044,A,-,安定的,J1,2205,100,42975995,94762068975,4858,12850,2814,0,115822,433,538,17918,7479,38600,164339,169083,284906,169083,0,165574,General
デンカ,4061,A,+,安定的,J1,3780,100,88555840,3.34741E+11,29052,22418,0,0,255998,821,5192,40610,36828,100194,254014,270036,526035,270036,0,267448,General
信越化学工業,4063,AA,+,ポジティブ,NonSP,17750,100,416662793,7.39576E+12,402145,143807,936,0,493990,728,101402,401176,236195,543702,2723141,2886625,3380615,2886625,2014,2813138,General
エア・ウォーター,4088,A,+,安定的,NonSP,1635,100,229755057,3.7565E+11,49639,39033,0,0,554431,2108,15251,76601,50316,180895,351815,372389,926821,372389,325,357797,General
日本酸素ホールディングス,4091,A,+,安定的,J1,2415,100,433092837,1.04592E+12,77706,86380,2022,0,1292394,12554,17860,149231,60075,317439,440693,543900,1836294,543900,0,513164,General
三井化学,4183,A,+,安定的,J1,3475,100,204653315,7.1117E+11,74243,76621,8050,0,875968,4634,7764,174323,74904,293842,609707,682157,1558125,682157,0,607921,General
三菱ケミカルグループ,4188,A,+,安定的,NonSP,916,100,1506288107,1.37976E+12,32908,243793,127193,0,3716080,21404,35185,467133,246410,926249,1450829,1571148,5287228,1571148,0,1236339,General
ダイセル,4202,A,+,安定的,NonSP,908,100,302942682,2.75072E+11,33040,26323,3786,0,395384,1195,6591,57869,34698,111431,392583,245000,640385,245000,0,237852,General
住友ベークライト,4203,A,+,安定的,J1,4745,100,49590478,2.35307E+11,16139,12259,3100,0,143622,363,2613,27405,8956,63363,179154,202141,345763,202141,0,200205,General
アイカ工業,4206,A,,安定的,NonSP,3850,100,67590664,2.60224E+11,18159,5773,0,0,56858,138,6577,19713,5560,49532,146221,150505,207363,150505,27,134781,General
UBE,4208,A,,安定的,J1,2194,100,106200107,2.33003E+11,22433,36382,55,0,389075,931,7518,66054,0,104562,354447,380635,769710,380635,547,359013,General
野村総合研究所,4307,A,,安定的,SP,3520,100,610696500,2.14965E+12,71075,40911,2220,0,323329,1005,32464,84594,7634,185798,264727,333206,656536,333206,0,330495,General
ハリマ化成グループ,4410,BBB,+,安定的,NonSP,905,100,26080396,23602758380,2316,2353,342,0,31948,261,782,3007,2226,14962,37745,37441,69390,37441,0,34566,General
武田薬品工業,4502,BBB,+,安定的,SP,3682,100,1582252525,5.82585E+12,376171,559671,25452,0,7735116,130806,201687,1010931,111206,2203504,4727486,5177177,12912293,5177177,0,5173037,General
武田薬品工業,4502,A,+,安定的,J1,3682,100,1582252525,5.82585E+12,376171,559671,25452,0,7735116,130806,201687,1010931,111206,2203504,4727486,5177177,12912293,5177177,0,5173037,General
アステラス製薬,4503,AA,+,安定的,NonSP,1739,100,1861787075,3.23765E+12,145324,72652,100348,0,887513,2118,17870,306843,31384,1003465,1289168,1386115,2273628,1386115,745,1386115,General
ロート製薬,4527,A,+,安定的,NonSP,2879,100,118089155,3.39979E+11,23006,6376,1609,0,69178,145,7771,20008,8721,106726,140032,156612,225790,156612,382,155526,General
栄研化学,4549,BBB,+,安定的,NonSP,2277,100,43541438,99143854326,6870,1711,0,0,14012,2,1172,5451,1554,18526,37303,41672,55685,41672,296,41376,General
藤倉化成,4620,BBB,+,安定的,NonSP,497,100,32716878,16260288366,1897,1447,0,0,17290,39,727,1594,1221,13636,36386,36504,53795,36504,0,33870,General
オリエンタルランド,4661,AA,,安定的,NonSP,14950,100,363690160,5.43717E+12,67804,45899,5633,0,280517,353,389,23834,111607,902,820257,759948,1040465,759948,0,759948,General
リゾートトラスト,4681,BBB,+,安定的,NonSP,1799,100,108520799,1.95229E+11,6953,11331,22034,0,286451,444,1981,22981,14070,129684,132991,120791,407243,120791,313,115580,General
Zホールディングス,4689,AA,-,安定的,NonSP,547,100,7656261195,4.18797E+12,142615,102080,12788,0,3707082,1,49483,207921,28578,773400,1047823,2989597,6696680,2989597,0,2682318,General
富士フィルムホールディングス,4901,AA,-,安定的,SP,7831,100,514625728,4.03003E+12,181205,123423,0,7638,1327046,2578,0,420861,100063,869691,1993757,2222157,3549203,2222157,0,2204566,General
コニカミノルタ,4902,A,+,ネガティブ,NonSP,560,100,502664337,2.81492E+11,20000,77568,856,0,749049,7866,2957,78060,25674,374654,533766,550703,1299752,550703,551,539888,General
高砂香料工業,4914,A,-,安定的,NonSP,2716,100,20152397,54733910252,8570,6554,0,0,83163,502,1029,13733,6057,45054,94775,101349,184512,101349,0,99978,General
荒川化学工業,4968,A,-,安定的,NonSP,1187,100,20652400,24514398800,3842,2980,0,0,47166,138,538,3685,5425,16688,54027,58590,105757,58590,0,57229,General
出光興産,5019,A,+,安定的,J1,2574,100,297864718,7.66704E+11,64582,98158,20164,0,2739306,11982,7620,170466,121064,559028,1200564,1215136,3954443,1215136,0,1150930,General
ENEOSホールディングス,5020,AA,-,安定的,J1,460,100,3230282649,1.48593E+12,230891,326899,160038,0,5306250,25425,25192,679094,267846,1083750,2707908,2752568,8058818,2752568,0,2325108,General
コスモエネルギーホールディングス,5021,BBB,+,安定的,J2,2538,100,84770508,2.15148E+11,93648,53564,267,0,1259897,7225,11560,167445,0,232666,362839,449120,1709017,449120,0,324947,General
住友理工,5191,A,,安定的,J1,804,100,104042806,83650416024,608,31977,1615,0,208031,877,4461,29830,0,57888,167668,171471,379502,171471,0,152636,General
日本板硝子,5202,BB,+,安定的,J3,600,100,90926699,54556019400,16316,35768,2290,0,745201,12306,3406,21053,39201,117139,88194,79762,824963,79762,556,62937,General
住友大阪セメント,5232,A,,安定的,J1,3120,100,38643217,1.20567E+11,17023,18766,1133,0,123823,614,4240,32797,0,51045,198699,205827,329650,205827,0,203731,General
太平洋セメント,5233,A,,ポジティブ,J1,2540,100,121985078,3.09842E+11,65105,52683,969,0,537405,3498,10579,110403,0,191272,473241,506821,1044227,506821,0,470922,General
日本特殊陶業,5334,AA,-,安定的,J1,1605,100,204175320,3.27701E+11,52001,34700,464,0,319666,850,7162,63397,26972,130214,399737,451626,771293,451626,0,448831,General
黒崎播磨,5352,A,-,安定的,J1,4880,100,9114528,44478896640,6539,2814,162,0,67065,242,684,10080,0,20556,57233,63288,130354,63288,0,60087,General
ニチアス,5393,A,,安定的,NonSP,2771,100,67811917,1.87907E+11,17532,6536,3515,0,83151,170,5862,18683,8068,46064,127233,136450,219602,136450,0,135429,General
日本製鉄,5401,AA,-,安定的,J1,1892,100,950321402,1.79801E+12,8656,290863,0,0,4442559,22298,26731,403185,0,565332,2996631,3131387,7573946,3131387,0,2759996,General
日本製鐵,5401,BBB,,ポジティブ,SP,1892,100,950321402,1.79801E+12,-8656,290863,0,0,4442559,22298,26731,403185,0,565332,2996631,3131387,7573946,3131387,0,2759996,General
神戸製鋼所,5406,A,-,安定的,J1,728,100,364364210,2.65257E+11,18748,100856,13509,0,1813498,11526,8960,194798,0,223188,716369,769375,2582873,769375,0,710362,General
JFEホールディングス,5411,AA,-,安定的,J1,1326,100,614438399,8.14745E+11,4930,236353,0,0,2894818,13844,10972,247274,0,314519,1706552,1760154,4654972,1760154,0,1679223,General
共英製鋼,5440,A,-,安定的,NonSP,1415,100,44898730,63531702950,12735,8402,0,0,117699,1310,5998,15191,9353,28258,158044,164583,282282,164583,0,154429,General
大阪製鐵,5449,A,,安定的,NonSP,1184,100,42279982,50059498688,1552,3610,0,0,46727,394,2089,4187,0,8114,148394,148514,195242,148514,0,146307,General
丸一鋼管,5463,AA,-,安定的,NonSP,2635,100,94000000,2.4769E+11,20509,5828,351,0,53275,154,4355,24355,0,31920,267282,276977,330252,276977,162,269236,General
日本冶金工業,5480,BBB,,ポジティブ,NonSP,2362,100,15497333,36604700546,4740,3975,0,0,106103,511,737,11182,0,17054,51131,55127,161230,55127,0,55122,General
山陽特殊製鋼,5481,A,,安定的,J1,1826,100,54507307,99530342582,9519,14187,3929,0,139472,640,1277,22313,19175,22772,182202,179887,319360,179887,0,178393,General
愛知製鋼,5482,A,,安定的,NonSP,2897,100,19886675,57611697475,4717,16963,66,0,134323,149,3159,14793,13083,26763,163691,179716,314040,179716,0,169812,General
三菱製鋼,5632,BBB,,安定的,NonSP,1074,100,15709968,16872505632,6345,3238,185,0,87547,1173,636,3777,3945,7483,48315,44773,132320,44773,0,38897,General
大紀アルミニウム工業所,5702,BBB,+,安定的,NonSP,1207,100,43629235,52660486645,8958,2901,0,0,53782,385,1705,4521,4777,16130,38691,43785,97567,43785,145,43089,General
日本軽金属ホールディングス,5703,A,-,安定的,NonSP,1918,100,61993750,1.18904E+11,7830,19157,0,0,299851,1033,4764,41942,24246,90069,201198,207104,506955,207104,0,190712,General
三井金属鉱業,5706,A,-,ポジティブ,J1,3105,100,57296616,1.77906E+11,54714,33882,329,0,384546,1670,5854,27565,26435,102219,173255,210560,595107,210560,0,198969,General
東邦亜鉛,5707,BBB,-,安定的,J2,1876,100,13585521,25486437396,7057,4594,2024,0,72171,558,327,4313,2732,13439,36309,41464,113635,41464,0,41464,General
三菱マテリアル,5711,A,-,安定的,J1,2274,100,131489535,2.99007E+11,43341,61962,3532,0,1421151,4416,15175,78442,76825,172349,586034,614394,2035546,614394,0,545233,General
住友金属鉱山,5713,AA,-,安定的,J1,4418,100,290814015,1.28482E+12,123379,45729,262,0,663016,3757,8385,91522,39267,150876,1110860,1222983,1885999,1222983,0,1113923,General
DOWAホールディングス,5714,A,+,安定的,J1,4235,100,61989206,2.62524E+11,38860,20050,2252,0,321755,910,14496,3088,33487,75848,258241,276715,598471,276715,0,265705,General
古河機械金属,5715,BBB,,ポジティブ,J2,1277,100,40445568,51648990336,9907,3879,0,0,123910,456,1199,6042,3403,22194,77966,94364,218275,94364,0,91770,General
UACJ,5741,BBB,+,安定的,J2,2872,100,48328193,1.38799E+11,3473,30007,3091,0,536514,6352,1485,38623,22898,65574,202716,196445,732960,196445,0,183063,General
住友電気工業,5802,AA,,安定的,J1,1548,100,793940571,1.22902E+12,110340,168040,10051,0,1489408,5404,26096,169656,166831,531343,1766647,1892506,3381914,1892506,0,1628806,General
住友電気工業,5802,A,,安定的,SP,1548,100,793940571,1.22902E+12,110340,168040,10051,0,1489408,5404,26096,169656,166831,531343,1766647,1892506,3381914,1892506,0,1628806,General
三和ホールディングス,5929,A,+,安定的,J1,1324,100,231000000,3.05844E+11,31509,10010,283,0,193771,514,10708,50144,0,127223,165633,181387,375159,181387,279,179828,General
LIXIL,5938,A,+,安定的,NonSP,2974,100,313319159,9.31811E+11,59295,84786,8840,0,1187047,5433,25259,151043,54959,469220,535137,554767,1741814,554767,0,552271,General
東プレ,5975,A,,安定的,NonSP,1575,100,54021824,85084372800,16609,20429,0,0,144158,376,3623,24718,33418,25103,149395,165632,309790,165632,0,162143,General
リクルートホールディングス,6098,A,,安定的,SP,5629,100,1695960030,9.54656E+12,168502,119991,0,0,1095324,1,38117,286597,14015,1145693,995743,1101289,2196613,1101289,0,1091571,General
牧野フライス製作所,6135,A,-,安定的,NonSP,4100,100,24893841,1.02065E+11,2399,6876,130,0,118023,291,900,18036,5394,26930,151703,161992,280015,161992,0,161185,General
ディスコ,6146,AA,-,安定的,NonSP,31150,100,36065471,1.12344E+12,53434,6815,0,0,76674,55,6860,56709,21026,106883,226890,252352,329026,252352,937,251203,General
日本郵政,6178,AA,+,安定的,NonSP,929,100,3767870229,3.50035E+12,694525,286283,93545,0,281667063,13287,168644,6965155,172376,11720403,12616774,16071067,297738131,16071067,0,13794362,General
豊田自動織機,6201,A,+,安定的,SP,9140,100,325840640,2.97818E+12,184011,209839,3008,0,3181436,5430,52605,382386,222360,490407,2520537,3322550,6503986,3322550,0,3236038,General
瑞光,6279,BBB,+,安定的,NonSP,982,100,28800000,28281600000,2118,388,0,0,14844,11,376,1817,8101,4446,26110,27480,42325,27480,116,27364,General
コマツ,6301,A,,安定的,SP,2829,100,972887610,2.7523E+12,106237,133126,2403,5288,1772816,13766,0,354129,0,581055,1856225,2012025,3784841,2012025,0,1912297,General
住友重機械工業,6302,A,+,安定的,NonSP,3010,100,122905481,3.69945E+11,43775,29746,5769,0,525756,954,15534,64131,0,185449,477648,504928,1030684,504928,0,490698,General
月島機械,6332,A,-,安定的,NonSP,1158,100,45625800,52834676400,2910,2450,2777,0,72331,151,2139,10084,4140,20566,67356,71784,144116,71784,0,70468,General
新東工業,6339,BBB,+,安定的,NonSP,810,100,54580928,44210551680,1947,3052,1251,0,60077,142,997,8088,3259,25177,99849,104124,164201,104124,0,98918,General
ダイキン工業,6367,AA,,ポジティブ,NonSP,22665,100,293113973,6.64343E+12,238543,103543,225,0,1541167,8791,67588,374691,104971,864136,1462591,1698495,3239662,1698495,2019,1665689,General
トーヨーカネツ,6369,BBB,,安定的,NonSP,2374,100,9323074,22132977676,2892,776,1047,0,22280,59,804,1482,0,9247,34602,36484,58764,36484,0,36484,General
椿本チエイン,6371,A,,安定的,J1,3315,100,38281393,1.26903E+11,12159,12682,0,0,119838,320,3810,27890,0,47634,176055,187494,307332,187494,0,185791,General
日本精工,6471,A,+,安定的,NonSP,899,100,551268104,4.9559E+11,5889,54527,0,0,594070,2739,9880,53842,33797,126240,526518,573428,1167498,573428,0,554375,General
ミネベアミツミ,6479,A,+,ポジティブ,J1,2935,100,427080606,1.25348E+12,49527,48628,0,0,522773,1614,9088,93763,44195,167592,402276,453998,976771,453998,0,451141,General
日本トムソン,6480,BBB,+,安定的,NonSP,659,100,73501425,48437439075,125,3833,125,0,41521,117,562,5658,2950,11645,57439,59425,100946,59425,148,59277,General
日立製作所,6501,AA,,安定的,NonSP,6258,100,968234877,6.05921E+12,518510,491663,109009,0,7394621,22778,188966,793128,254750,2195306,4266739,4458232,11852853,4458232,0,3525502,General
日立製作所,6501,A,,ネガティブ,SP,6258,100,968234877,6.05921E+12,518510,491663,109009,0,7394621,22778,188966,793128,254750,2195306,4266739,4458232,11852853,4458232,0,3525502,General
東芝,6502,BBB,+,安定的,J2,4700,100,455280690,2.13982E+12,113981,85211,0,8485,2196106,4549,0,145145,117461,823559,1076426,1304530,3500636,1304530,0,1164534,General
東芝,6502,BB,+,ネガティブ,SP,4700,100,455280690,2.13982E+12,113981,85211,0,8485,2196106,4549,0,145145,117461,823559,1076426,1304530,3500636,1304530,0,1164534,General
富士電機,6504,A,,安定的,NonSP,4760,100,149296991,7.10654E+11,63284,36194,963,0,590698,1441,10374,26931,20578,221266,406002,461254,1051952,461254,0,416997,General
明電舎,6508,A,-,安定的,J1,2367,100,45527540,1.07764E+11,11303,9918,176,0,179322,484,3747,14601,0,57901,90117,99736,279059,99736,0,96535,General
日本電産,6594,AA,,安定的,NonSP,12240,100,596284468,7.29852E+12,122617,96802,0,185,1142098,5575,27905,219156,88911,366558,967633,1113969,2256067,1113969,0,1096054,General
オムロン,6645,A,,安定的,SP,9320,100,206244872,1.9222E+12,43307,22756,1976,1164,211021,1,0,93831,0,298351,532589,609358,820379,609358,0,606858,General
IDEC,6652,BBB,+,安定的,NonSP,2180,100,33224485,72429377300,4251,2981,0,0,45140,166,1420,7443,3140,22783,42788,43111,88252,43111,148,42963,General
ジーエス・ユアサコーポレーション,6674,A,-,ポジティブ,J1,2795,100,82714942,2.31188E+11,24847,18031,2760,0,197342,818,7085,35817,19019,96566,205318,234570,431913,234570,0,202246,General
NEC,6701,BBB,,ポジティブ,SP,5540,100,272849863,1.51159E+12,157831,167613,4035,0,2106738,8527,24464,274907,59307,861183,1114523,1561826,3668564,1561826,0,1308151,General
NEC,6701,A,+,安定的,NonSP,5540,100,272849863,1.51159E+12,157831,167613,4035,0,2106738,8527,24464,274907,59307,861183,1114523,1561826,3668564,1561826,0,1308151,General
富士通,6702,A,-,安定的,SP,18565,100,207001821,3.84299E+12,291855,175828,0,0,1643301,3047,83789,307947,0,1080248,1348435,1546905,3190206,1546905,0,1450139,General
サンケン電気,6707,BBB,,安定的,NonSP,5170,100,25098060,1.29757E+11,7197,12683,18,0,120422,891,1350,7629,10175,39135,71776,113250,233673,113250,0,83576,General
ルネサスエレクトロニクス,6723,BBB,-,安定的,SP,1181,100,1932222590,2.28195E+12,65216,141527,2070,0,989324,7541,9932,223889,22261,335689,624404,619661,1608985,619661,15959,616701,General
パナソニックホールディングス,6752,A,-,安定的,SP,1306,100,2453866297,3.20475E+12,183894,317572,44280,0,4078571,20,75525,504038,231118,1974851,2155868,2768502,6847073,2768502,0,2594034,General
シャープ,6753,BB,+,ポジティブ,NonSP,1672,100,611952858,1.02319E+12,66442,71942,6417,0,1563087,5511,5820,204642,35656,421316,270959,364139,1927226,364139,297,350349,General
シャープ,6753,BB,-,安定的,SP,1672,100,611952858,1.02319E+12,66442,71942,6417,0,1563087,5511,5820,204642,35656,421316,270959,364139,1927226,364139,297,350349,General
ソニーグループ,6758,AA,-,ポジティブ,NonSP,11375,100,1261058781,1.43445E+13,1171776,663737,0,153427,20725185,12185,0,1350150,0,3926764,4789535,5621476,26354840,5621476,0,5575839,General
ソニーグループ,6758,A,,安定的,SP,11375,100,1261058781,1.43445E+13,1171776,663737,0,153427,20725185,12185,0,1350150,0,3926764,4789535,5621476,26354840,5621476,0,5575839,General
TDK,6762,A,-,安定的,SP,12440,100,129590659,1.61211E+12,79340,140285,7914,6222,1395136,3526,0,222814,0,434318,848564,1006297,2401433,1006297,0,1003538,General
タムラ製作所,6768,BBB,,安定的,NonSP,860,100,82771473,71183466780,2268,3491,0,0,42921,346,848,5049,3764,21220,46664,48143,91064,48143,162,47887,General
横河電機,6841,A,+,安定的,NonSP,1674,100,268624510,4.49677E+11,31524,16988,486,0,204310,566,8278,32842,8689,164169,291472,314770,519081,314770,0,308323,General
デンソー,6902,A,+,安定的,SP,7482,100,787944951,5.8954E+12,193753,335578,35,0,2690967,4510,62196,437235,395548,661486,3558869,4076717,6767684,4076717,0,3891012,General
カシオ計算機,6952,BBB,,安定的,SP,1777,100,259020914,4.6028E+11,17908,11076,161,0,120133,233,4629,24587,3620,98161,202539,211895,332028,211895,0,211895,General
ローム,6963,AA,-,安定的,NonSP,10620,100,103000000,1.09386E+12,40512,40167,807,0,156750,95,11219,45975,32377,117635,715479,769490,926240,769490,0,768972,General
日東電工,6988,AA,,安定的,NonSP,8100,100,149758428,1.21304E+12,93320,47950,6011,0,249214,769,24560,116309,0,243449,690204,716686,965901,716686,0,715868,General
日本ケミコン,6997,BBB,,安定的,NonSP,2526,100,20314833,51315268158,2256,6049,0,0,87543,727,528,2067,3213,21147,39781,51904,139448,51904,0,51607,General
三井E&Sホールディングス,7003,BB,+,ネガティブ,J3,509,100,83098717,42297246953,9664,12745,2381,0,670548,2786,418,7478,0,30867,105355,95901,766449,95901,151,67509,General
日立造船,7004,BBB,+,安定的,NonSP,788,100,170214843,1.34129E+11,6868,10241,4924,0,301169,738,3639,22680,10511,72815,119500,128167,429336,128167,0,126331,General
三菱重工業,7011,BBB,+,ネガティブ,SP,3144,100,337364781,1.06067E+12,49355,238258,0,0,3371337,10426,89102,-94948,0,583482,1290076,1439390,4810727,1439390,0,1366342,General
三菱重工業,7011,AA,-,安定的,J1,3144,100,337364781,1.06067E+12,49355,238258,0,0,3371337,10426,89102,94948,0,583482,1290076,1439390,4810727,1439390,0,1366342,General
川崎重工業,7012,A,,ネガティブ,NonSP,2278,100,167080532,3.80609E+11,14688,61258,15205,0,1480500,3790,11076,34601,0,191162,471562,482775,1963276,482775,0,465333,General
IHI,7013,A,-,安定的,J1,2516,100,154679954,3.89175E+11,27617,80185,0,0,1505164,4733,16381,36380,0,179974,306040,327727,1832891,327727,414,300769,General
名村造船所,7014,BB,+,安定的,NonSP,206,100,69099551,14234507506,18921,4170,8269,0,71204,264,300,26636,3779,98403,56048,40358,111562,40358,282,40076,General
じもとホールディングス,7161,BBB,,安定的,NonSP,637,100,49540263,31557147531,2609,1382,316,0,2547506,524,668,96884,1230,44089,17000,18750,2663931,116425,0,116206,Bank
東京きらぼしフィナンシャルグループ,7173,A,-,安定的,NonSP,1529,100,33400115,51068775835,8099,4820,0,0,5611065,1724,2714,232544,2342,93352,27500,27500,5921945,310880,30,310850,Bank
かんぽ生命保険,7181,AA,,安定的,NonSP,1938,100,562600000,1.09032E+12,233537,59387,0,0,67331506,2312,88635,2806302,3838,6786226,500000,500000,70172982,2841475,0,2841475,Insc
かんぽ生命保険,7181,A,,ポジティブ,SP,1938,100,562600000,1.09032E+12,233537,59387,0,0,67331506,2312,88635,-2806302,3838,6786226,500000,500000,70172982,2841475,0,2841475,Insc
ゆうちょ銀行,7182,A,,安定的,SP,930,100,4500000000,4.185E+12,392654,35033,1006,0,212475846,429823,100988,9431212,23064,1946728,3500000,3500000,223870673,11394827,0,11370088,Bank
富山第一銀行,7184,A,,安定的,NonSP,271,100,67309700,18240928700,3470,1105,73,0,1311129,598,864,21101,216,29475,10182,10182,1428623,117494,0,111629,Bank
コンコルディア・フィナンシャルグループ,7186,AA,,安定的,NonSP,392,100,1209616065,4.74169E+11,36315,13513,1872,0,20418298,7578,23058,2039109,10096,291729,150078,150078,21577398,1159099,51,1153154,Bank
西日本フィナンシャルホールディングス,7189,A,,ポジティブ,NonSP,616,100,159596955,98311724280,25898,5729,818,0,11524660,3318,9717,243056,3701,134949,50000,50000,12075567,550906,0,542792,Bank
アルヒ,7198,A,-,ポジティブ,J1,1383,100,36080600,49899469800,7745,1492,205,0,134668,707,2712,4750,0,26821,26634,30093,164762,30093,0,30093,General
日産自動車,7201,A,,ネガティブ,NonSP,631,100,4220715112,2.66327E+12,339334,708706,9109,0,12112242,181392,48494,1322789,0,1050825,4424773,4339826,16452068,4339826,0,3944593,General
日産自動車,7201,BBB,-,ネガティブ,SP,631,100,4220715112,2.66327E+12,-339334,708706,9109,0,12112242,181392,48494,1322789,0,1050825,4424773,4339826,16452068,4339826,0,3944593,General
いすゞ自動車,7202,A,+,安定的,J1,1450,100,777442069,1.12729E+12,86829,82354,13840,0,1039956,2859,30664,222918,0,303038,1133381,1205013,2244970,1205013,0,1021783,General
トヨタ自動車,7203,AAA,,安定的,NonSP,9805,100,3262997492,3.19937E+13,2282378,1644290,0,0,37978811,42421,810117,2727162,3489498,4832374,21339012,24288329,62267140,24288329,0,23404547,General
トヨタ自動車,7203,A,+,安定的,SP,9805,100,3262997492,3.19937E+13,2282378,1644290,0,0,37978811,42421,810117,2727162,3489498,4832374,21339012,24288329,62267140,24288329,0,23404547,General
三菱自動車工業,7211,BB,,安定的,SP,306,100,1490282496,4.56026E+11,-298289,65917,107747,0,1331027,5375,14096,-41537,79472,156454,788363,525251,1856279,525251,352,507906,General
フタバ産業,7241,BBB,+,安定的,NonSP,567,100,89580827,50792328909,7942,23772,20,0,202978,812,2198,22792,24654,29367,76488,87216,290194,87216,0,77642,General
太平洋工業,7250,A,-,安定的,NonSP,1325,100,61312896,81239587200,10253,14565,0,0,113023,365,659,26988,18421,21127,98422,112508,225531,112508,141,111715,General
アイシン,7259,A,,安定的,SP,4415,100,294674634,1.30099E+12,167523,253459,0,0,2268494,10752,41673,343314,200313,404532,1795695,1758609,4027103,1758609,0,1535512,General
マツダ,7261,A,-,安定的,NonSP,1072,100,631803979,6.77294E+11,2202,89765,1355,0,1721584,8034,24450,120058,71776,613644,1205846,1195830,2917414,1195830,382,1181730,General
ホンダ,7267,A,-,安定的,SP,3493,100,1811428430,6.32732E+12,914053,624239,0,0,12548191,13877,206272,1072379,318410,2730830,8286023,9372839,21921030,9372839,0,9082306,General
エクセディ,7278,A,+,安定的,NonSP,1653,100,48593736,80325445608,9066,18563,5090,0,96011,819,4508,30105,16665,40331,208709,216730,312741,216730,0,203927,General
愛三工業,7283,A,-,安定的,NonSP,953,100,63043379,60080340187,5023,11011,0,0,102144,264,1497,17761,0,20462,82769,87773,189918,87773,151,84207,General
ヨロズ,7294,BBB,,安定的,NonSP,1218,100,25055636,30517764648,4282,10246,4973,0,68984,572,1112,13218,6254,12237,74550,65738,134723,65738,617,53383,General
三十三フィナンシャルグループ,7322,A,-,安定的,NonSP,1425,100,30367585,43273808625,5430,3994,1056,0,4074354,1024,4295,269310,3383,76245,10000,10000,4312845,238491,0,238108,Bank
第四北越フィナンシャルグループ,7327,A,+,安定的,NonSP,2418,100,45942978,1.1109E+11,17721,6241,521,0,9252687,3470,5098,903597,4752,143132,30000,30000,9706533,453845,692,434674,Bank
ひろぎんホールディングス,7337,AA,-,安定的,NonSP,589,100,312370921,1.83986E+11,30934,4709,439,0,10492691,4794,8803,1486338,19977,115478,54573,60000,11009572,516880,126,516633,Bank
ノジマ,7419,A,-,安定的,J1,2839,100,51289616,1.45611E+11,63806,11953,889,0,195887,626,9751,41702,4034,158814,90268,144296,340183,144296,2265,142031,General
ハリマ共和物産,7444,BBB,,安定的,NonSP,1803,100,5441568,9811147104,1727,600,0,0,8295,1,550,1402,167,6626,18341,20139,28435,20139,0,20120,General
第一興商,7458,A,,ネガティブ,NonSP,3825,100,54734200,2.09358E+11,18604,15057,12606,0,80765,207,2007,7755,5797,26242,136205,106030,186795,106030,388,104259,General
岡谷鋼機,7485,A,,安定的,NonSP,9500,100,9720000,92340000000,18389,3489,6,0,255179,1290,5565,24135,6715,53324,219451,242041,497220,242041,0,231794,General
コーナン商事,7516,BBB,+,ポジティブ,NonSP,4445,100,34682113,1.54162E+11,26837,12517,2845,0,261808,2203,5565,35122,14426,175779,124080,133287,395095,133287,0,133287,General
ゼンショーホールディングス,7550,BBB,+,安定的,J2,2774,100,154862825,4.29589E+11,5437,24775,2260,0,310592,2225,4874,29686,20286,340578,86793,85430,396023,85430,0,85323,General
島津製作所,7701,AA,-,安定的,J1,4400,100,296070227,1.30271E+12,49817,15536,148,0,161954,180,10071,63801,0,156192,302775,335504,497459,335504,0,335504,General
ニコン,7731,A,+,安定的,J1,1013,100,378336521,3.83255E+11,45342,28027,26054,0,451011,1246,5821,4966,16965,155906,541760,538726,989737,538726,0,537585,General
オリンパス,7733,BBB,+,安定的,SP,2246,100,1299294333,2.91822E+12,24334,59937,842,0,785537,3992,26462,124122,38660,459530,371958,395480,1181017,395480,0,394326,General
SCREENホールディングス,7735,A,-,ポジティブ,NonSP,9850,100,50794866,5.00329E+11,20673,9628,2043,0,174083,498,685,57205,5390,88012,174142,208548,382632,208548,0,208381,General
リコー,7752,BBB,+,ネガティブ,SP,1191,100,744912078,8.8719E+11,-32664,104618,28666,0,964016,3043,18291,126962,42155,572307,1008527,923852,1887868,923852,0,920246,General
タカラトミー,7867,BBB,,ポジティブ,NonSP,960,100,96290850,92439216000,7462,6069,188,0,77686,255,2301,18064,4240,55256,67410,69928,147614,69928,393,69535,General
大建工業,7905,BBB,+,ポジティブ,J2,2214,100,27080043,59955215202,10970,5563,0,0,95781,262,3838,12254,3230,50881,62975,76771,172553,76771,0,68043,General
ヤマハ,7951,AA,-,安定的,NonSP,6030,100,191555025,1.15508E+12,37102,17056,3553,0,160667,516,10011,58225,0,142909,326450,396949,557616,396949,0,395958,General
リンテック,7966,A,+,安定的,J1,2382,100,76647540,1.82574E+11,16635,9361,171,0,82912,149,4659,28824,8997,58228,192298,197350,280262,197350,99,196848,General
タカラスタンダード,7981,A,+,安定的,NonSP,1589,100,73937194,1.17486E+11,10961,6046,131,0,83342,63,4529,7953,4777,70465,166741,175310,258652,175310,0,175310,General
ニフコ,7988,A,+,安定的,NonSP,3620,100,107508954,3.89182E+11,27123,13558,1417,0,128477,535,5706,39922,0,70858,168786,178649,307127,178649,0,176472,General
オカムラ,7994,A,,安定的,NonSP,1546,100,100621021,1.5556E+11,18007,6005,41,0,105697,163,4270,26921,4743,80113,135497,139776,245473,139776,0,138757,General
伊藤忠商事,8001,AA,+,安定的,J1,3232,100,1584889504,5.12236E+12,440883,424297,0,0,7308192,36218,144556,895900,165022,1780747,3840609,3870240,11178432,3870240,0,3316281,General
伊藤忠商事,8001,A,,安定的,SP,3232,100,1584889504,5.12236E+12,440883,424297,0,0,7308192,36218,144556,895900,165022,1780747,3840609,3870240,11178432,3870240,0,3316281,General
丸紅,8002,BBB,+,安定的,SP,926,100,1738475497,1.60983E+12,233068,144417,0,0,5027189,22947,34174,397069,124090,675418,1604600,1911769,6938958,1911769,0,1819055,General
丸紅,8002,AA,-,安定的,J1,926,100,1738475497,1.60983E+12,233068,144417,0,0,5027189,22947,34174,397069,124090,675418,1604600,1911769,6938958,1911769,0,1819055,General
スクロール,8005,BBB,,安定的,NonSP,860,100,34873050,29990823000,7406,1056,105,0,23255,29,637,3956,2978,31838,21462,26648,49903,26648,0,26648,General
豊田通商,8015,A,,安定的,SP,5140,100,354056516,1.81985E+12,221425,104349,1452,0,3569988,24706,65053,245055,124327,607626,1372491,1658015,5228004,1658015,0,1469657,General
兼松,8020,A,-,安定的,NonSP,1510,100,84500202,1.27595E+11,16251,11555,44,0,377003,1818,6149,36984,4413,101515,166174,180492,557495,180492,0,143926,General
三井物産,8031,A,,安定的,SP,2500,100,1687104808,4.21776E+12,350381,273639,0,0,7692958,51948,119483,772696,215690,811465,4060932,4822887,12515845,4822887,0,4570420,General
日本紙パルプ商事,8032,A,,安定的,J1,3675,100,15021551,55204199925,8215,7797,0,0,232114,1833,4892,28382,5092,63480,87246,89872,321986,89872,117,83451,General
東京エレクトロン,8035,AA,,ポジティブ,J1,44920,100,157210911,7.06191E+12,317038,33843,0,0,400801,1,87772,145888,53806,564945,829692,1024562,1425364,1024562,11585,1012977,General
スターゼン,8043,BBB,+,安定的,NonSP,2172,100,19522552,42402982944,8334,2765,80,0,72600,266,1633,11084,0,34361,52310,59125,131726,59125,0,59122,General
山善,8051,A,,安定的,NonSP,1029,100,95305435,98069292615,11294,2054,0,0,138307,1774,2104,13566,0,62672,95439,107630,245937,107630,0,107156,General
住友商事,8053,BBB,+,安定的,SP,1483,100,1251253867,1.85561E+12,-134484,170906,0,0,5384434,30679,65349,467097,66342,729461,2692587,2695550,8079984,2695550,0,2527951,General
三菱商事,8058,A,,安定的,SP,3062,100,1485723351,4.54928E+12,132241,523830,0,0,12096581,46300,114835,1017550,388981,1605106,6216894,6538390,18634971,6538390,0,5613647,General
第一実業,8059,BBB,+,ポジティブ,NonSP,4650,100,11086400,51551760000,6729,883,0,0,66113,38,2206,11141,268,21457,48446,53845,119958,53845,107,53712,General
神鋼商事,8075,BBB,-,安定的,J2,2958,100,8860562,26209542396,3076,1348,1024,0,229048,737,1437,14894,1549,26579,54571,57185,286233,57185,0,55745,General
阪和興業,8078,A,-,安定的,J1,3220,100,42332640,1.36311E+11,28839,5479,0,0,632733,3764,4656,19004,6332,79925,166097,191857,824590,191857,0,189215,General
菱電商事,8084,A,-,安定的,NonSP,1662,100,22824977,37935111774,3599,414,0,0,55609,23,1891,1939,98,21843,67557,69919,125529,69919,160,69759,General
ニプロ,8086,A,-,安定的,J1,1357,100,171459479,2.32671E+11,17519,39849,1437,0,680343,4003,4208,66093,0,138840,161237,174053,854396,174053,0,161026,General
岩谷産業,8088,A,,安定的,NonSP,6270,100,58561649,3.67182E+11,35009,20128,49,0,257667,911,9806,48779,25881,176878,191152,251851,509518,251851,0,242425,General
東邦ホールディングス,8129,A,-,ポジティブ,NonSP,1832,100,78270142,1.43391E+11,10273,6424,197,0,445775,79,6731,8768,4141,99372,231009,237405,683181,237405,162,237243,General
ミツウロコグループホールディングス,8131,A,-,安定的,NonSP,1254,100,62332388,78164814552,5291,2821,124,0,51900,192,3151,5340,1433,31954,78317,93289,145189,93289,0,92907,General
シナネンホールディングス,8132,A,-,安定的,J1,3040,100,13046591,39661636640,4725,2858,0,0,44929,121,2237,7947,0,33840,48821,51905,96834,51905,0,51202,General
伊藤忠エネクス,8133,AA,-,安定的,J1,1004,100,116881106,1.17349E+11,20039,19930,0,0,246928,1070,9930,40214,0,86889,151884,161399,408327,161399,0,136233,General
加賀電子,8154,A,-,安定的,NonSP,2847,100,28702118,81714929946,14472,3167,1893,0,141942,317,3295,9999,2514,47936,86250,95062,237004,95062,0,90967,General
木曽路,8160,BBB,-,安定的,NonSP,2354,100,25913889,61001294706,4738,1068,855,0,22602,37,406,5233,1315,20155,29220,23469,46072,23469,0,23469,General
リテールパートナーズ,8167,BBB,+,安定的,NonSP,1201,100,46646059,56021916859,7582,3465,1176,0,42793,56,1442,12241,0,61009,65705,71538,114331,71538,0,71538,General
上新電機,8173,A,-,安定的,J1,2710,100,28000000,75880000000,12681,5330,3193,0,111018,208,1715,25836,6367,112150,89147,99303,210321,99303,0,99303,General
AOKIホールディングス,8214,A,-,安定的,NonSP,652,100,87649504,57147476608,11614,9380,1991,0,111409,357,1029,4351,10270,48364,139209,125850,237260,125850,363,125487,General
高島屋,8233,A,+,ネガティブ,J1,1129,100,177759481,2.0069E+11,31838,27982,6846,0,735395,4736,2848,43720,0,209278,455871,415111,1150506,415111,0,394318,General
イオン,8267,BBB,,ネガティブ,SP,2987,100,871924572,2.60444E+12,53219,296600,57821,0,9725491,32302,83573,396461,0,3012018,1849278,1755776,11481268,1755776,1550,970322,General
イズミ,8273,A,+,安定的,NonSP,3735,100,71665200,2.6767E+11,34852,15872,1641,0,244281,700,9049,48320,12632,181573,226264,245411,489692,245411,0,232496,General
平和堂,8276,A,,安定的,J1,2080,100,58546470,1.21777E+11,14334,11642,692,0,130228,37,3260,32113,0,149227,160075,167616,297845,167616,0,165568,General
フジ,8278,A,-,安定的,NonSP,1944,100,38291560,74438792640,6843,6520,565,0,87144,239,2136,12598,0,88178,88390,93922,181067,93922,0,93692,General
ケーズホールディングス,8282,A,+,安定的,NonSP,1291,100,225000000,2.90475E+11,54800,14239,1641,0,152581,471,11758,56589,19791,231166,252421,275380,427962,275380,656,274724,General
新生銀行,8303,BBB,,安定的,SP,1449,100,259034689,3.75341E+11,55336,14635,1009,0,9809431,14821,7991,249230,2104,374247,512204,512204,10740174,930742,149,922293,Bank
新生銀行,8303,A,-,ポジティブ,J1,1449,100,259034689,3.75341E+11,55336,14635,1009,0,9809431,14821,7991,249230,2104,374247,512204,512204,10740174,930742,149,922293,Bank
あおぞら銀行,8304,BBB,+,安定的,SP,2462,100,118289418,2.91229E+11,38977,5827,0,0,5426859,19164,23677,728732,1596,155755,100000,100000,5916866,490006,482,494065,Bank
あおぞら銀行,8304,A,,安定的,NonSP,2462,100,118289418,2.91229E+11,38977,5827,0,0,5426859,19164,23677,728732,1596,155755,100000,100000,5916866,490006,482,494065,Bank
三菱UFJフィナンシャル・グループ,8306,AA,-,安定的,NonSP,579,100,13581995120,7.86398E+12,1042036,338617,41240,0,341757258,844633,111474,34904946,133671,6025336,2141513,2141513,359473515,17716257,0,16802573,Bank
三井住友トラスト・ホールディングス,8309,AA,-,安定的,NonSP,3596,100,375291440,1.34955E+12,200003,34552,20173,0,59441319,162409,36865,6553089,27800,1380434,261608,261608,62163876,2722556,1024,2693760,Bank
三井住友フィナンシャルグループ,8316,AA,-,安定的,NonSP,3695,100,1374362102,5.07827E+12,672237,207815,42525,0,230685262,559951,139452,18795951,145946,3902307,2339964,2341274,242584308,11899046,1791,11826419,Bank
三井住友フィナンシャルグループ,8316,A,-,安定的,SP,3695,100,1374362102,5.07827E+12,672237,207815,42525,0,230685262,559951,139452,18795951,145946,3902307,2339964,2341274,242584308,11899046,1791,11826419,Bank
千葉銀行,8331,A,-,安定的,SP,623,100,815521087,5.0807E+11,71462,9360,208,0,16856412,14385,19982,1913821,18934,232940,145069,145069,17898168,1041756,628,1041128,Bank
群馬銀行,8334,AA,,安定的,NonSP,350,100,435888177,1.52561E+11,19808,6497,282,0,10067663,2884,5208,1987175,5022,143316,48652,48652,10615756,548093,0,548093,Bank
群馬銀行,8334,A,-,安定的,SP,350,100,435888177,1.52561E+11,19808,6497,282,0,10067663,2884,5208,1987175,5022,143316,48652,48652,10615756,548093,0,548093,Bank
武蔵野銀行,8336,A,,安定的,NonSP,1639,100,33805456,55407142384,12796,2711,0,0,5070791,1406,768,425702,7110,71418,45743,45743,5319971,249179,47,249106,Bank
千葉興業銀行,8337,A,-,安定的,NonSP,255,100,67479778,17207343390,7095,2221,105,0,3065745,483,413,256027,961,49986,62120,62120,3248236,182491,94,178762,Bank
筑波銀行,8338,BBB,+,安定的,NonSP,169,100,152553721,25781578849,2184,2087,391,0,2586104,762,411,174182,582,35791,48868,48868,2698415,112310,0,112310,Bank
七十七銀行,8341,AA,,安定的,NonSP,1162,100,76655746,89073976852,24823,3300,292,0,9326243,1714,9597,804407,4625,119976,24658,24658,9839581,513337,0,513337,Bank
青森銀行,8342,A,-,安定的,NonSP,1982,100,20512161,40655103102,3332,1699,244,0,3562509,745,838,448939,1657,41350,19562,19562,3681441,118932,0,118932,Bank
秋田銀行,8343,A,+,安定的,NonSP,1394,100,18093643,25222538342,4134,1706,157,0,3312146,422,1070,210896,321,43517,14100,14100,3488741,176594,0,175920,Bank
山形銀行,8344,A,+,安定的,NonSP,847,100,34000000,28798000000,4264,1686,540,0,2967155,1448,132,440197,1239,41225,12008,12008,3128968,161812,0,161647,Bank
東邦銀行,8346,A,,安定的,NonSP,207,100,252500000,52267500000,6333,2528,2206,0,6600950,503,685,856012,1287,58275,23519,23519,6792337,191386,0,191386,Bank
東北銀行,8349,BBB,+,安定的,NonSP,998,100,13509963,13482943074,1722,563,0,0,981417,130,313,127674,341,13548,13233,13233,1021517,40100,0,40100,Bank
みちのく銀行,8350,A,-,安定的,NonSP,915,100,22135395,20253886425,1951,1834,106,0,2271776,211,58,147980,193,41877,36986,36986,2360494,88717,0,88116,Bank
ふくおかフィナンシャルグループ,8354,A,,ポジティブ,J1,1845,100,191138265,3.5265E+11,59330,12271,678,0,26551179,14113,13419,1541822,4169,274754,124799,124799,27510013,958833,0,958790,Bank
静岡銀行,8355,A,-,安定的,SP,790,100,595129069,4.70152E+11,60691,13411,2853,0,12970470,11753,16342,1110303,4197,230787,90845,90845,14075848,1105378,330,1103629,Bank
十六銀行,8356,A,+,安定的,NonSP,1935,100,37924134,73383199290,22524,3577,2005,0,6835365,1157,6216,580590,1059,111346,36839,36839,7238375,403009,169,389577,Bank
八十二銀行,8359,AA,,安定的,NonSP,354,100,511103411,1.80931E+11,31815,5847,266,0,11250943,7874,7886,1365598,6887,153969,52243,52243,12160638,909694,272,906020,Bank
八十二銀行,8359,A,-,,SP,354,100,511103411,1.80931E+11,31815,5847,266,0,11250943,7874,7886,1365598,6887,153969,52243,52243,12160638,909694,272,906020,Bank
大垣共立銀行,8361,A,,安定的,NonSP,1844,100,41831897,77138018068,11825,4710,53,0,7120082,3116,3332,1315246,1670,116425,46773,46773,7450778,330696,171,317631,Bank
福井銀行,8362,BBB,+,安定的,NonSP,1437,100,24144669,34695889353,4262,1159,90,0,3376707,434,1898,483845,4561,42381,17965,17965,3513315,136607,0,136607,Bank
北国銀行,8363,BBB,+,安定的,SP,2036,100,28115197,57242541092,11993,4076,650,0,5238244,599,6158,191877,2553,79098,26673,26673,5524513,286269,0,278463,Bank
清水銀行,8364,A,-,ポジティブ,NonSP,1537,100,11641318,17892705766,3447,1150,26,0,1708326,605,333,141149,385,27782,10816,10816,1795397,87071,72,85611,Bank
滋賀銀行,8366,A,+,安定的,NonSP,1855,100,53090081,98482100255,13051,2445,316,0,7298278,3785,4637,1239206,1094,86084,33076,33076,7793748,495469,84,495385,Bank
南都銀行,8367,A,,安定的,NonSP,1878,100,33025656,62022181968,15330,3574,389,0,6266784,1566,5283,532079,1194,81198,37924,37924,6560231,293447,63,293384,Bank
京都銀行,8369,A,-,安定的,SP,4710,100,75840688,3.5721E+11,23043,3393,0,0,11105754,5235,5917,1437527,2422,108156,42103,42103,12273908,1168153,356,1165373,Bank
紀陽銀行,8370,A,,ポジティブ,NonSP,1459,100,70300000,1.02568E+11,20538,2838,125,0,5418767,1594,4726,715233,1434,78909,80096,80096,5664467,245699,100,243941,Bank
山陰合同銀行,8381,AA,-,安定的,NonSP,545,100,156977472,85552722240,14167,2965,249,0,5990432,2354,4677,439075,724,89178,20705,20705,6370285,379852,170,379150,Bank
鳥取銀行,8383,BBB,,安定的,NonSP,1119,100,9619938,10764710622,1538,758,0,0,1036463,371,3,29461,203,13409,9061,9061,1085907,49444,0,49341,Bank
伊予銀行,8385,AA,,安定的,NonSP,540,100,323775366,1.74839E+11,25799,5089,200,0,7809498,5171,7845,778734,2849,124817,20948,20948,8550739,741240,273,732549,Bank
伊予銀行,8385,A,-,安定的,SP,540,100,323775366,1.74839E+11,25799,5089,200,0,7809498,5171,7845,778734,2849,124817,20948,20948,8550739,741240,273,732549,Bank
百十四銀行,8386,A,,安定的,NonSP,1510,100,30000000,45300000000,5111,3331,161,0,5083870,2836,3585,216353,1780,68950,37322,37322,5375569,291699,41,291658,Bank
四国銀行,8387,A,-,ポジティブ,NonSP,700,100,42900000,30030000000,9339,2262,227,0,3172405,1663,1928,224249,728,41502,25000,25000,3330943,158537,77,158325,Bank
阿波銀行,8388,AA,-,安定的,NonSP,1980,100,43240000,85615200000,12181,2923,374,0,3573180,2351,3688,301556,1028,65587,23452,23452,3866075,292894,0,292894,Bank
大分銀行,8392,A,+,安定的,NonSP,1687,100,16243634,27403010558,6323,1878,454,0,3610922,725,4470,341521,1819,57709,19598,19598,3813669,202746,266,202415,Bank
宮崎銀行,8393,A,,安定的,NonSP,1986,100,17633400,35019932400,12024,2723,0,0,3495280,820,3388,256482,860,54664,14697,14697,3653865,158585,191,158394,Bank
沖縄銀行,8397,A,+,安定的,NonSP,2468,100,24240000,59824320000,7929,2110,0,0,2508951,647,2098,305507,857,51788,22725,22725,2672564,163612,157,160579,Bank
筑邦銀行,8398,BBB,+,安定的,NonSP,1650,100,6249020,10310883000,1817,384,0,0,834876,138,458,48558,276,17658,8000,8000,877316,42440,0,39928,Bank
琉球銀行,8399,A,+,安定的,NonSP,723,100,43108470,31167423810,3728,2936,21,0,2646326,505,2525,295374,2100,57278,56967,56967,2778142,131815,219,131596,Bank
セブン銀行,8410,A,,ネガティブ,SP,239,100,1179308000,2.81855E+11,35655,14070,0,0,962482,613,13358,136039,10436,137267,30702,30724,1197158,234676,0,233269,Bank
みずほフィナンシャルグループ,8411,AA,-,安定的,NonSP,1566,100,2539249894,3.97647E+12,652163,163231,12793,0,216224003,496241,216995,16613235,107392,3218095,2256767,2256767,225586211,9362207,134,9256276,Bank
みずほフィナンシャルグループ,8411,A,-,安定的,SP,1566,100,2539249894,3.97647E+12,652163,163231,12793,0,216224003,496241,216995,16613235,107392,3218095,2256767,2256767,225586211,9362207,134,9256276,Bank
高知銀行,8416,BBB,,安定的,NonSP,800,100,17744800,14195840000,1814,825,6,0,1169200,466,709,80494,1099,22904,19544,19544,1244933,75732,38,72517,Bank
信金中央金庫,8421,AA,,安定的,NonSP,239500,1,708222,1.69619E+11,43426,10259,0,0,42116207,97318,16472,2416674,2729,260993,690998,690998,43843528,1727321,0,1714679,Bank
信金中央金庫,8421,A,,安定的,SP,239500,1,708222,1.69619E+11,43426,10259,0,0,42116207,97318,16472,2416674,2729,260993,690998,690998,43843528,1727321,0,1714679,Bank
芙蓉総合リース,8424,A,+,安定的,J1,7140,100,30287810,2.16255E+11,47960,46149,1,0,2634488,10432,9277,35080,4177,82744,311819,344796,2979285,344796,704,304565,General
みずほリース,8425,A,+,ポジティブ,NonSP,3630,100,49004000,1.77885E+11,31563,15796,0,0,2392337,8993,7978,196820,3195,51347,195780,210852,2603190,210852,0,200615,General
東京センチュリー,8439,BBB,,安定的,SP,6000,100,123028320,7.3817E+11,79847,191280,9942,0,4914552,46938,34885,51331,4726,200982,660145,688345,5602897,688345,2504,570173,General
東京センチュリー,8439,AA,-,ポジティブ,J1,6000,100,123028320,7.3817E+11,79847,191280,9942,0,4914552,46938,34885,51331,4726,200982,660145,688345,5602897,688345,2504,570173,General
日本証券金融,8511,AA,-,安定的,J1,817,100,96000000,78432000000,5601,1356,0,0,12001062,3630,2864,164459,133,12906,126687,135166,12136229,135166,0,135166,General
日本証券金融,8511,A,,安定的,SP,817,100,96000000,78432000000,5601,1356,0,0,12001062,3630,2864,164459,133,12906,126687,135166,12136229,135166,0,135166,General
アイフル,8515,BBB,,安定的,NonSP,343,100,484620136,1.66225E+11,18149,3418,1064,0,715662,3,2910,20280,1722,127481,128931,147692,863354,147692,0,145556,General
長野銀行,8521,BBB,,安定的,NonSP,1110,100,9258856,10277330160,1749,668,34,0,1110812,295,390,2025,329,21899,13017,13017,1165410,54597,1,54158,Bank
名古屋銀行,8522,A,,安定的,NonSP,2467,100,18255487,45036286429,15536,2489,618,0,4659491,1607,1413,604481,4638,69050,25090,25090,4912750,253259,139,252500,Bank
北洋銀行,8524,A,,安定的,NonSP,234,100,399060179,93380081886,14708,7319,828,0,11417570,2013,6793,1166084,1816,135620,121101,121101,11858207,440636,84,435972,Bank
愛知銀行,8527,A,,安定的,NonSP,3210,100,10943240,35127800400,5966,1589,50,0,3541740,436,1618,34723,1810,53281,18000,18000,3788132,246391,302,241754,Bank
中京銀行,8530,A,-,ポジティブ,NonSP,1398,100,21745958,30400849284,3733,1412,185,0,1996311,1000,1080,71880,550,31446,31844,31844,2107003,110691,299,110392,Bank
大光銀行,8537,A,-,安定的,NonSP,1266,100,9671400,12243992400,2368,754,141,0,1629518,356,847,143439,665,22117,10000,10000,1709198,79679,228,79005,Bank
愛媛銀行,8541,A,-,ポジティブ,NonSP,751,100,39426777,29609509527,8121,1356,478,0,2612182,2591,1307,38895,450,43045,21365,21367,2767080,154897,0,153501,Bank
トマト銀行,8542,BBB,+,安定的,NonSP,1041,100,18679030,19444870230,2216,753,11,0,1249534,784,292,47318,530,22580,17810,17810,1301346,51811,0,51811,Bank
京葉銀行,8544,A,+,安定的,NonSP,418,100,138927858,58071844644,10866,3721,987,0,5254977,643,5867,366396,2018,62957,49759,49759,5553028,298051,312,292795,Bank
京葉銀行,8544,A,-,安定的,SP,418,100,138927858,58071844644,10866,3721,987,0,5254977,643,5867,366396,2018,62957,49759,49759,5553028,298051,312,292795,Bank
北日本銀行,8551,A,-,安定的,NonSP,1566,100,8793776,13771053216,2563,649,203,0,1591156,224,477,213670,297,22412,7761,7761,1665633,74476,152,74324,Bank
南日本銀行,8554,BBB,,安定的,NonSP,679,100,11096430,7534475970,2431,1422,63,0,819364,248,256,40361,122,15973,16601,16601,862512,43148,0,43129,Bank
東和銀行,8558,BBB,+,安定的,NonSP,493,100,44680273,22027374589,3946,1355,118,0,2416376,303,2560,178218,1248,36437,38653,38653,2551480,135103,265,134348,Bank
豊和銀行,8559,BBB,-,安定的,NonSP,616,100,11344190,6988021040,725,298,1,0,520053,758,23,16045,267,11619,12495,12495,539881,19828,0,19828,Bank
福島銀行,8562,BBB,,安定的,NonSP,235,100,28000000,6580000000,1692,626,0,0,796107,206,41,39072,374,13314,18682,18682,825751,29644,0,29519,Bank
大東銀行,8563,BBB,+,安定的,NonSP,613,100,12701462,7785996206,1544,888,48,0,922745,143,300,113437,181,13067,14743,14743,963505,40760,0,39912,Bank
リコーリース,8566,BBB,+,ネガティブ,SP,3445,100,31243223,1.07633E+11,17510,16913,0,0,969373,1400,6687,38930,14692,37701,181675,191333,1160706,191333,0,191333,General
リコーリース,8566,AA,-,安定的,J1,3445,100,31243223,1.07633E+11,17510,16913,0,0,969373,1400,6687,38930,14692,37701,181675,191333,1160706,191333,0,191333,General
イオンフィナンシャルサービス,8570,A,,安定的,J1,1345,100,216010128,2.90534E+11,39305,29579,0,0,5649053,1,18764,62282,4908,487309,459075,474667,6123721,474667,43,401462,General
アコム,8572,A,+,安定的,J1,449,100,1566614098,7.0341E+11,99297,3170,555,0,703981,15,13408,113179,1113,266316,442496,515128,1219109,515128,0,485685,General
ジャックス,8584,A,,安定的,J1,2541,100,35079161,89136148101,16275,9501,348,0,4310802,12892,6561,141114,0,160650,162889,174152,4484954,174152,244,169901,General
オリエントコーポレーション,8585,A,,安定的,J1,137,100,1738738203,2.38207E+11,21677,23909,28,0,5287114,8528,2075,54578,0,230596,251569,262105,5549220,262105,25,260086,General
オリックス,8591,AA,,安定的,NonSP,1912,100,1285724480,2.45831E+12,192384,315955,0,25518,10459938,1,0,1095676,0,757710,3065835,3103144,13563082,3103144,0,3028456,General
オリックス,8591,A,-,安定的,SP,1912,100,1285724480,2.45831E+12,192384,315955,0,25518,10459938,1,0,1095676,0,757710,3065835,3103144,13563082,3103144,0,3028456,General
三菱ＨＣキャピタル,8593,AA,,安定的,J1,596,100,1466912244,8.7428E+11,83217,144655,0,0,5188597,65803,22335,199314,2648,160581,798820,821233,6009831,821233,1552,806921,General
三菱HCキャピタル,8593,A,-,安定的,SP,596,100,1466912244,8.7428E+11,83217,144655,0,0,5188597,65803,22335,199314,2648,160581,798820,821233,6009831,821233,1552,806921,General
九州リースサービス,8596,BBB,,ポジティブ,NonSP,648,100,25952374,16817138352,2498,1314,1237,0,116490,672,1006,1267,17,6091,29741,32033,148523,32033,0,31886,General
トモニホールディングス,8600,A,,安定的,NonSP,298,100,163728911,48791215478,13820,1949,605,0,4164719,1685,1409,228257,3405,70687,25000,25000,4407903,243183,1224,239052,Bank
大和証券グループ本社,8601,BBB,+,安定的,SP,574,100,1699378772,9.75443E+11,144567,41169,9394,0,24507489,636,21888,390979,29329,576172,247397,247397,26099330,1591841,9125,1333571,Secc
大和証券グループ本社,8601,A,+,安定的,NonSP,574,100,1699378772,9.75443E+11,144567,41169,9394,0,24507489,636,21888,390979,29329,576172,247397,247397,26099330,1591841,9125,1333571,Secc
野村ホールディングス,8604,AA,-,安定的,NonSP,548,100,3233562601,1.77199E+12,153116,63846,0,21113,39760029,215363,0,665770,119875,1617235,594493,594493,42516480,2756451,0,2694938,Secc
野村ホールディングス,8604,A,-,安定的,SP,548,100,3233562601,1.77199E+12,153116,63846,0,21113,39760029,215363,0,665770,119875,1617235,594493,594493,42516480,2756451,0,2694938,Secc
岡三証券グループ,8609,BBB,+,ネガティブ,NonSP,398,100,208214969,82869557662,8174,3188,1810,0,593136,1194,1172,40941,805,67259,18589,18589,783440,190304,422,167934,Secc
東海東京フィナンシャル・ホールディングス,8616,BBB,+,安定的,J2,387,100,260582115,1.00845E+11,12827,3185,0,0,1243884,2321,1806,73074,311,69362,36000,36000,1416569,172684,442,165573,Secc
マネックスグループ,8698,BBB,+,安定的,NonSP,684,100,258998600,1.77155E+11,21296,8149,0,0,1310605,4211,850,57696,624,77905,10394,10394,1401130,90524,0,89573,Secc
フィデアホールディングス,8713,BBB,+,安定的,NonSP,121,100,206421226,24976968346,5314,1953,891,0,3101387,621,1087,469629,786,53191,18000,18000,3221460,120073,0,119780,Bank
アニコムホールディングス,8715,A,,安定的,NonSP,862,100,81309160,70088495920,2412,713,278,0,29741,8,882,4231,855,48049,7981,8202,55459,25717,0,25717,Insc
MS&ADインシュアランスグループホールディングス,8725,AA,,安定的,NonSP,3380,100,593632891,2.00648E+12,201727,72348,1949,0,21015905,14599,30609,323912,33696,4892244,100000,100276,24142562,3126657,1019,3084350,Insc
第一生命ホールディングス,8750,A,+,ポジティブ,NonSP,2012,100,1116939700,2.24728E+12,482540,69274,2552,0,58786576,33476,44500,79904,38166,7827806,343517,343732,63593705,4807129,920,4806209,Insc
東京海上ホールディングス,8766,AAA,,安定的,NonSP,5210,100,697500000,3.63398E+12,243174,80905,746,0,22042587,11455,101534,1177873,26224,5461195,150000,150000,25765368,3722780,2379,3664021,Insc
NECキャピタルソリューション,8793,A,-,ポジティブ,J1,2145,100,21533400,46189143000,6089,14697,0,0,943768,3811,1862,28765,765,25827,105248,113885,1057653,113885,0,95570,General
T&Dホールディングス,8795,AA,-,ポジティブ,NonSP,1398,100,633000000,8.84934E+11,191111,19841,2915,0,16324121,1553,26827,500485,11082,2413953,207111,207111,17877278,1553157,689,1545019,Insc
三井不動産,8801,AA,,安定的,J1,2553,100,965481947,2.46488E+12,191820,98196,39648,0,5085981,27779,79755,187862,0,397915,2486525,2655991,7741972,2655991,1422,2555886,General
三井不動産,8801,A,,ネガティブ,SP,2553,100,965481947,2.46488E+12,191820,98196,39648,0,5085981,27779,79755,187862,0,397915,2486525,2655991,7741972,2655991,1422,2555886,General
三菱地所,8802,AA,+,安定的,NonSP,1712,100,1391478706,2.38221E+12,201265,89107,4679,0,4011071,21602,57400,207414,315784,317764,1941206,2061447,6072519,2061447,231,1851900,General
三菱地所,8802,A,+,安定的,SP,1712,100,1391478706,2.38221E+12,201265,89107,4679,0,4011071,21602,57400,207414,315784,317764,1941206,2061447,6072519,2061447,231,1851900,General
平和不動産,8803,BBB,+,安定的,NonSP,3935,100,38859996,1.52914E+11,10216,5077,8,0,262713,1331,4006,8292,26894,15361,107302,118639,381353,118639,0,118639,General
ダイビル,8806,A,,安定的,J1,1395,100,115051049,1.60496E+11,12240,7249,0,0,226581,1116,3850,13659,5657,16266,157827,167346,393928,167346,0,165367,General
住友不動産,8830,AA,-,安定的,J1,3552,100,476085978,1.69106E+12,210359,57812,3876,0,4170645,18317,57029,225947,355431,287907,1294998,1503021,5673666,1503021,0,1503021,General
テーオーシー,8841,A,,安定的,NonSP,641,100,95279352,61074064632,6067,1962,0,0,18823,26,3510,3723,1757,7226,89395,93765,112589,93765,0,93114,General
東京楽天地,8842,BBB,+,安定的,NonSP,3965,100,6511218,25816979370,302,2399,55,0,10066,17,562,1645,854,974,31335,30537,40604,30537,0,30537,General
イオンモール,8905,BBB,,ネガティブ,SP,1662,100,227546939,3.78183E+11,4268,58586,7288,0,1006712,9762,11528,61621,57535,61761,404522,387486,1394199,387486,23,377320,General
イオンモール,8905,A,,安定的,NonSP,1662,100,227546939,3.78183E+11,4268,58586,7288,0,1006712,9762,11528,61621,57535,61761,404522,387486,1394199,387486,23,377320,General
東祥,8920,BBB,+,安定的,NonSP,1672,100,38315000,64062680000,474,2460,0,0,39652,143,2388,1448,3881,2879,37528,37448,77100,37448,0,34621,General
東武鉄道,9001,A,,安定的,NonSP,2836,100,209815421,5.95037E+11,22279,56664,6004,0,1229393,6300,9862,39504,0,99747,473969,453103,1682497,453103,0,444954,General
相鉄ホールディングス,9003,A,-,安定的,NonSP,2158,100,98145499,2.11798E+11,12057,20864,6604,0,480101,2819,6804,11837,53208,51890,152031,139309,619410,139309,0,139236,General
東急,9005,AA,-,安定的,J1,1461,100,624869876,9.12935E+11,55715,88308,26806,0,1723522,8607,17900,85890,0,188494,809614,752538,2476061,752538,0,702355,General
京浜急行電鉄,9006,A,+,安定的,J1,1296,100,275760547,3.57386E+11,33037,31712,9510,0,680002,4113,5352,7219,42684,17868,267655,249051,929053,249051,0,246929,General
小田急電鉄,9007,AA,-,安定的,J1,2602,100,368497717,9.58831E+11,41261,51258,15751,0,974539,5396,2781,27178,60653,57045,390183,352456,1326996,352456,0,349878,General
京王電鉄,9008,AA,,安定的,J1,6110,100,128550830,7.85446E+11,21067,34663,9207,0,568229,3091,6828,6897,0,26683,373454,344395,912624,344395,0,344347,General
京成電鉄,9009,A,+,安定的,NonSP,3245,100,172411185,5.59474E+11,32335,30240,491,0,504653,2453,5122,9282,0,18665,428664,396044,900698,396044,0,378638,General
富士急行,9010,BBB,+,ネガティブ,NonSP,5060,100,54884738,2.77717E+11,3728,6775,736,0,76919,475,402,2888,0,30451,27664,24682,101601,24682,0,23836,General
東日本旅客鉄道,9020,AAA,,安定的,J1,7280,100,377932400,2.75135E+12,703591,399998,80032,0,6359058,60663,28024,189968,0,39940,3173427,2557361,8916420,2557361,0,2535027,General
JR東日本,9020,A,+,ネガティブ,SP,7280,100,377932400,2.75135E+12,703591,399998,80032,0,6359058,60663,28024,189968,0,39940,3173427,2557361,8916420,2557361,0,2535027,General
西日本旅客鉄道,9021,AA,+,安定的,NonSP,5917,100,191334500,1.13213E+12,274740,173468,0,0,2523418,20455,14113,103295,0,898172,1223106,956033,3479452,956033,0,852914,General
東海旅客鉄道,9022,AAA,,安定的,NonSP,15855,100,206000000,3.26613E+12,268576,199362,0,0,5913760,79225,5547,169354,470185,823517,3872103,3686609,9600370,3686609,0,3642515,General
JR東海,9022,A,+,ネガティブ,SP,15855,100,206000000,3.26613E+12,268576,199362,0,0,5913760,79225,5547,169354,470185,20241,3872103,3686609,9600370,3686609,0,3642515,General
西武ホールディングス,9024,A,-,ネガティブ,NonSP,1231,100,323462920,3.98183E+11,71970,57839,20225,0,1312809,9959,5774,24264,0,337061,373427,385687,1698497,385687,407,299742,General
鴻池運輸,9025,A,-,安定的,J1,1261,100,56952442,71817029362,8906,8138,1315,0,153999,255,4470,14465,12665,19561,99572,104798,258798,104798,459,101555,General
西日本鉄道,9031,A,+,安定的,NonSP,2616,100,79360186,2.07606E+11,12586,20796,2766,0,537858,2000,1718,9939,0,20294,180549,169946,707804,169946,442,164158,General
近鉄グループホールディングス,9041,BBB,+,安定的,NonSP,3685,100,190662061,7.0259E+11,83505,54779,28788,0,1616553,7864,5682,25470,0,64871,405295,338494,1955048,338494,0,320595,General
阪急阪神ホールディングス,9042,AA,-,安定的,J1,3225,100,254281385,8.20057E+11,41013,57502,0,0,1711042,8885,29871,32501,0,26741,937672,909985,2621028,909985,0,867151,General
南海電気鉄道,9044,A,-,安定的,J1,2316,100,113402446,2.6264E+11,1197,29410,2120,0,703660,4149,6944,21338,0,12360,256003,258569,962229,258569,0,246500,General
京阪ホールディングス,9045,A,,安定的,J1,3000,100,113182703,3.39548E+11,977,21307,2560,0,515652,2086,5705,15282,0,40624,254058,248595,764247,248595,144,244319,General
名古屋鉄道,9048,A,+,安定的,NonSP,1839,100,196700692,3.61733E+11,22525,39351,9334,0,783619,3231,12591,19685,0,30384,438401,407512,1191131,407512,0,372015,General
山陽電気鉄道,9052,BBB,+,安定的,NonSP,1934,100,22330598,43187376532,830,3916,47,0,57762,251,1500,2020,5471,5685,41524,41842,99605,41842,0,41842,General
丸全昭和運輸,9068,A,-,ポジティブ,NonSP,3450,100,20612844,71114311800,10244,4157,0,0,57063,175,2923,11376,10489,14558,92497,100858,157922,100858,0,99054,General
センコーグループホールディングス,9069,A,-,安定的,NonSP,1106,100,152952221,1.69165E+11,22602,17419,3053,0,289506,1171,6822,31858,33618,71751,134181,145754,435260,145754,410,134776,General
トナミホールディングス,9070,A,-,安定的,NonSP,4900,100,9761011,47828953900,7228,4972,357,0,73563,247,2095,9581,4516,13627,71225,77214,150777,77214,0,76856,General
福山通運,9075,A,+,安定的,NonSP,4095,100,55770363,2.2838E+11,22740,16846,0,0,198545,219,6368,33219,17671,28851,256138,273378,471923,273378,0,269569,General
セイノーホールディングス,9076,AA,-,安定的,NonSP,1389,100,207679783,2.88467E+11,27621,20352,53,0,249613,407,12324,38685,0,66193,432813,422634,672247,422634,0,419260,General
神奈川中央交通,9081,BBB,+,安定的,NonSP,3390,100,12600000,42714000000,6735,7070,1325,0,103902,411,1592,40,0,7535,60556,55156,159058,55156,0,50814,General
日本郵船,9101,A,,ポジティブ,NonSP,5880,100,170055098,9.99924E+11,170418,98803,24385,0,1458068,15978,9902,159336,0,233181,498839,667411,2125480,667411,0,625333,General
商船三井,9104,A,,安定的,J1,5650,100,120628611,6.81552E+11,100313,85798,10298,0,1396409,12518,9183,98898,0,80370,641235,699150,2095559,699150,1347,577783,General
川崎汽船,9107,BBB,+,ポジティブ,J2,3720,100,93938229,3.4945E+11,113854,43869,6307,0,658446,10056,3308,33397,41718,35440,200234,316162,974608,316162,0,218194,General
飯野海運,9119,BBB,+,安定的,NonSP,452,100,108900000,49222800000,8158,11083,0,0,165776,1256,368,19282,0,13326,73428,79835,245611,79835,0,79730,General
日本航空,9201,A,,ネガティブ,NonSP,2283,100,437143500,9.97999E+11,404078,190585,0,0,1125744,2927,10045,219519,0,481225,1049617,981535,2107279,981535,0,947459,General
ANAホールディングス,9202,A,-,安定的,NonSP,2564,100,484293561,1.24173E+12,545372,176352,75575,0,2195563,16689,749,270441,134174,728683,1068870,1012320,3207883,1012320,0,1007233,General
三菱倉庫,9301,AA,,安定的,J1,3240,100,87960739,2.84993E+11,56111,14860,81,0,208932,568,5450,40176,0,21854,286356,326829,535761,326829,0,323595,General
三井倉庫ホールディングス,9302,A,,安定的,NonSP,2541,100,24883002,63227708082,19040,8783,3407,0,169842,969,5260,21257,6791,35465,54842,68529,238371,68529,0,62698,General
住友倉庫,9303,AA,-,安定的,J1,1592,100,82886615,1.31955E+11,13466,9093,0,0,152726,399,3136,20605,15788,20695,171976,196241,348968,196241,285,188959,General
澁澤倉庫,9304,A,-,安定的,NonSP,2096,100,15217747,31896397712,4099,3163,0,0,56145,135,1436,6952,3271,7043,44512,48251,104397,48251,0,47906,General
東陽倉庫,9306,BBB,,安定的,NonSP,314,100,39324953,12348035242,1713,1375,0,0,21741,34,559,3079,1155,1890,19859,21150,42892,21150,0,21150,General
中央倉庫,9319,BBB,+,安定的,NonSP,992,100,19064897,18912377824,1931,1415,24,0,10288,40,584,2902,2301,2472,38659,40617,50906,40617,0,40388,General
安田倉庫,9324,A,-,安定的,NonSP,950,100,30360000,28842000000,4111,3174,0,0,70865,341,1338,3943,9218,6354,68477,76235,147101,76235,0,75943,General
朝日放送グループホールディングス,9405,A,-,安定的,NonSP,705,100,41833000,29492265000,256,3088,24,0,49378,29,612,5952,6116,25951,69091,69700,119079,69700,0,66036,General
スカパーJSATホールディングス,9412,A,,安定的,J1,414,100,297404212,1.23125E+11,19887,23323,0,0,150253,1269,2223,57948,11444,52524,228943,235314,385568,235314,0,234249,General
日本電信電話,9432,AAA,,安定的,NonSP,2803,100,3900788940,1.09339E+13,1127856,1507153,25699,0,14762449,42190,524331,3009064,0,11943966,11462627,8203043,22965492,8203043,0,7562707,General
日本電信電話,9432,A,,安定的,SP,2803,100,3900788940,1.09339E+13,1127856,1507153,25699,0,14762449,42190,524331,3009064,0,11943966,11462627,8203043,22965492,8203043,0,7562707,General
ソフトバンク,9434,AA,-,安定的,J1,1430,100,4787145170,6.84562E+12,547720,696342,0,0,9475960,64360,273560,1338949,0,2503747,1707564,2750700,12226660,2750700,0,1512212,General
光通信,9435,BBB,,安定的,SP,18930,100,46549642,8.81185E+11,82170,16463,0,0,827813,5897,27916,58121,0,295553,318583,429030,1256844,429030,0,393444,General
光通信,9435,A,,ポジティブ,J1,18930,100,46549642,8.81185E+11,82170,16463,0,0,827813,5897,27916,58121,0,295553,318583,429030,1256844,429030,0,393444,General
東京電力ホールディングス,9501,BB,+,ネガティブ,SP,292,100,3547017531,1.03573E+12,190393,412039,0,0,8950354,42681,6333,239825,0,143460,2916886,3142801,12093155,3142801,18,3125300,General
東京電力ホールディングス,9501,A,,安定的,J1,292,100,3547017531,1.03573E+12,190393,412039,0,0,8950354,42681,6333,239825,0,143460,2916886,3142801,12093155,3142801,18,3125300,General
中部電力,9502,AA,,安定的,J1,1317,100,758000000,9.98286E+11,192308,182663,0,0,3582663,19355,35887,384148,0,145694,1962065,2103684,5686348,2103684,0,2031166,General
関西電力,9503,AA,,安定的,J1,1036,100,938733028,9.72527E+11,155296,290586,0,0,6350197,22462,30016,369215,0,145746,1641754,1725557,8075755,1725557,0,1684528,General
中国電力,9504,BBB,+,安定的,SP,992,100,387154692,3.84057E+11,18628,83418,0,0,2724823,1065,13534,110228,0,34283,646698,660346,3385169,660346,0,657195,General
中国電力,9504,AA,,安定的,J1,992,100,387154692,3.84057E+11,18628,83418,0,0,2724823,10645,13534,110228,0,34283,646698,660346,3385169,660346,0,657195,General
北陸電力,9505,AA,,安定的,NonSP,572,100,210333694,1.20311E+11,12531,54346,78,0,1239886,6916,6432,56639,0,17828,336456,355740,1595626,355740,0,338625,General
東北電力,9506,AA,,安定的,NonSP,831,100,502882585,4.17895E+11,54495,229111,0,0,3569547,15453,17207,217617,0,261608,864177,901534,4471081,901534,0,826467,General
四国電力,9507,AA,,安定的,NonSP,722,100,223086202,1.61068E+11,5188,59058,0,0,1102470,5675,8590,52293,0,6456,326648,327953,1430424,327953,0,325678,General
四国電力,9507,A,-,安定的,SP,722,100,223086202,1.61068E+11,5188,59058,0,0,1102470,5675,8590,52293,0,6456,326648,327953,1430424,327953,0,325678,General
九州電力,9508,AA,-,安定的,J1,830,100,474184951,3.93574E+11,56255,188002,0,0,4444069,26258,7315,253459,0,77397,637957,682752,5126822,682752,0,653586,General
北海道電力,9509,AA,-,安定的,NonSP,493,100,215292382,1.06139E+11,41411,79267,0,0,1711916,10400,6691,136547,0,53775,247381,289733,2001650,289733,0,277102,General
沖縄電力,9511,A,+,安定的,SP,1403,100,56927965,79869934895,11335,22346,0,0,263957,1123,2133,31686,0,12619,155710,163073,427031,163073,0,161433,General
電源開発,9513,AA,+,安定的,J1,1610,100,183051100,2.94712E+11,64674,96445,5706,0,1988274,23746,13113,167959,0,143921,857387,853685,2841960,853685,0,809145,General
電源開発,9513,A,,安定的,SP,1610,100,183051100,2.94712E+11,64674,96445,5706,0,1988274,23746,13113,167959,0,143921,857387,853685,2841960,853685,0,809145,General
イーレックス,9517,A,-,安定的,NonSP,3080,100,59220200,1.82398E+11,13563,3872,1289,0,73382,500,3525,18704,1958,24564,34262,54496,127879,54496,0,44078,General
レノバ,9519,BBB,,安定的,NonSP,4930,100,78200400,3.85528E+11,12908,6015,0,0,195682,2318,3625,12469,4560,20553,16909,24864,220546,24864,0,15252,General
東京ガス,9531,AAA,,安定的,NonSP,2078,100,442436059,9.19382E+11,66184,179809,10255,0,1560077,12629,32482,255574,172652,552522,1159138,1178271,2738348,1178271,0,1153814,General
東京ガス,9531,AA,-,安定的,SP,2078,100,442436059,9.19382E+11,66184,179809,10255,0,1560077,12629,32482,255574,172652,552522,1159138,1178271,2738348,1178271,0,1153814,General
大阪ガス,9532,AA,+,安定的,NonSP,2051,100,416680000,8.54611E+11,108735,106550,19016,0,1198759,11087,23924,219797,169607,442328,1027667,1114597,2313357,1114597,0,1081881,General
大阪ガス,9532,AA,-,安定的,SP,2051,100,416680000,8.54611E+11,108735,106550,19016,0,1198759,11087,23924,219797,169607,442328,1027667,1114597,2313357,1114597,0,1081881,General
東邦ガス,9533,AA,+,安定的,NonSP,5330,100,105606285,5.62881E+11,13331,37463,4730,0,242342,744,7748,64397,0,149260,322768,359492,601835,359492,0,359492,General
北海道ガス,9534,A,,安定的,J1,1559,100,17737806,27653239554,5996,13642,0,0,96988,329,1343,22399,10240,34289,50411,54234,151223,54234,44,52147,General
広島ガス,9535,A,,安定的,J1,370,100,68120955,25204753350,7769,7360,98,0,55671,177,1005,13967,7157,28252,52136,59805,115477,59805,0,56770,General
西部ガスホールディングス,9536,AA,-,安定的,J1,2426,100,37187567,90217037542,3739,20430,704,0,303808,1360,1716,20748,0,70975,80604,86121,389929,86121,0,80043,General
メタウォーター,9551,A,+,安定的,NonSP,2002,100,51758500,1.03621E+11,11053,1247,0,0,77761,153,2527,10404,735,29619,49592,53432,131194,53432,0,53266,General
NTTデータ,9613,AA,+,安定的,J1,1691,100,1402500000,2.37163E+12,81701,214324,0,0,1770468,6380,34911,352492,0,584575,987415,1126548,2897015,1126548,0,1072899,General
共立メンテナンス,9616,BBB,,ネガティブ,NonSP,3615,100,39219818,1.4178E+11,14870,5711,442,0,168247,455,1223,17835,7099,9987,83954,70784,239032,70784,0,70784,General
イチネンホールディングス,9619,BBB,+,安定的,J2,1239,100,24612227,30494549253,4885,15864,0,0,122241,80,2734,3161,0,24827,36915,39706,161948,39706,62,39644,General
アインホールディングス,9627,A,,安定的,NonSP,6680,100,35428212,2.3666E+11,11767,4243,804,0,87825,44,6595,14928,3930,46155,111003,115837,203662,115837,0,115759,General
カナモト,9678,A,-,安定的,NonSP,2550,100,38742241,98792714550,13731,28896,0,0,174174,554,6768,40701,3211,51128,121779,126188,300362,126188,0,119091,General
スクウェア・エニックス・ホールディングス,9684,A,,ポジティブ,NonSP,5670,100,122531596,6.94754E+11,45694,7515,520,0,92866,87,15092,35000,4949,159208,221928,243278,336144,243278,762,242365,General
SCSK,9719,A,,ポジティブ,NonSP,6580,100,104181803,6.85516E+11,46557,18433,0,0,153060,474,7684,50219,12710,102969,200405,227338,380399,227338,0,226874,General
セコム,9735,AA,+,安定的,NonSP,8254,100,233298049,1.92564E+12,128843,60759,95,0,634355,824,43801,181932,47861,330571,1172494,1229824,1864179,1229824,0,1082179,General
コナミグループ,9766,A,+,安定的,NonSP,6040,100,143500000,8.6674E+11,32274,19172,22232,0,189464,899,16744,69770,0,113441,268943,299542,489006,299542,0,298727,General
ベネッセホールディングス,9783,A,+,安定的,NonSP,2514,100,102541528,2.57789E+11,6557,19025,530,0,366944,5890,8431,25843,5373,186185,175339,175037,541982,175037,105,169775,General
日鉄物産,9810,A,+,安定的,J1,4680,100,32307800,1.51201E+11,24890,5782,0,0,605195,2439,7522,47255,5971,120697,254877,278247,883442,278247,0,255546,General
ヤマダホールディングス,9831,A,+,安定的,NonSP,516,100,966647930,4.9879E+11,77513,21470,14030,0,580054,1360,14707,122281,22765,521036,645166,672545,1252599,672545,1578,649416,General
JKホールディングス,9896,BBB,,ポジティブ,J2,807,100,31840016,25694892912,5133,2559,147,0,161112,394,1805,8846,2792,37336,42079,45176,206288,45176,0,43733,General
バローホールディングス,9956,A,-,安定的,J1,2319,100,53987499,1.25197E+11,24544,18234,2843,0,249267,854,7069,44138,26981,210613,140645,155190,404458,155190,134,142862,General
ソフトバンクグループ,9984,BB,+,安定的,SP,6837,100,1722953730,1.17798E+13,5078236,851316,0,0,33794860,307250,324460,557250,0,2874929,7372917,11955593,45750453,11955593,0,10213093,General
ソフトバンクグループ,9984,A,-,ポジティブ,J1,6837,100,1722953730,1.17798E+13,5078236,851316,0,0,33794860,307250,324460,557250,0,2874929,7372917,11955593,45750453,11955593,0,10213093,General
サンドラッグ,9989,A,+,安定的,NonSP,3550,100,119331184,4.23626E+11,37188,8663,229,0,103371,6,11655,31761,15817,158550,186822,205156,308528,205156,75,205081,General
ベルーナ,9997,BBB,+,安定的,NonSP,928,100,97244472,90242870016,17743,3321,189,0,126980,201,3364,20772,7827,121556,102525,113231,240211,113231,0,112620,General
